CT19-T2-001,CT19-T2-001-09,CT19-T2-001-09-01,1
CT19-T2-001,CT19-T2-001-09,CT19-T2-001-09-02,0
CT19-T2-001,CT19-T2-001-09,CT19-T2-001-09-03,0
CT19-T2-001,CT19-T2-001-09,CT19-T2-001-09-04,1
CT19-T2-001,CT19-T2-001-09,CT19-T2-001-09-05,1
CT19-T2-001,CT19-T2-001-09,CT19-T2-001-09-06,1
CT19-T2-001,CT19-T2-001-09,CT19-T2-001-09-07,1
CT19-T2-001,CT19-T2-001-09,CT19-T2-001-09-08,1
CT19-T2-001,CT19-T2-001-09,CT19-T2-001-09-09,1
CT19-T2-001,CT19-T2-001-09,CT19-T2-001-09-10,1
CT19-T2-001,CT19-T2-001-09,CT19-T2-001-09-11,1
CT19-T2-001,CT19-T2-001-09,CT19-T2-001-09-12,0
CT19-T2-001,CT19-T2-001-09,CT19-T2-001-09-13,0
CT19-T2-001,CT19-T2-001-45,CT19-T2-001-45-01,0
CT19-T2-001,CT19-T2-001-45,CT19-T2-001-45-02,0
CT19-T2-001,CT19-T2-001-45,CT19-T2-001-45-03,0
CT19-T2-001,CT19-T2-001-45,CT19-T2-001-45-04,0
CT19-T2-002,CT19-T2-002-02,CT19-T2-002-02-01,1
CT19-T2-002,CT19-T2-002-02,CT19-T2-002-02-02,0
CT19-T2-002,CT19-T2-002-02,CT19-T2-002-02-03,0
CT19-T2-002,CT19-T2-002-03,CT19-T2-002-03-01,1
CT19-T2-002,CT19-T2-002-03,CT19-T2-002-03-03,0
CT19-T2-002,CT19-T2-002-05,CT19-T2-002-05-01,0
CT19-T2-002,CT19-T2-002-05,CT19-T2-002-05-02,0
CT19-T2-002,CT19-T2-002-05,CT19-T2-002-05-03,0
CT19-T2-002,CT19-T2-002-05,CT19-T2-002-05-04,1
CT19-T2-002,CT19-T2-002-05,CT19-T2-002-05-05,0
CT19-T2-002,CT19-T2-002-05,CT19-T2-002-05-06,0
CT19-T2-002,CT19-T2-002-05,CT19-T2-002-05-07,0
CT19-T2-002,CT19-T2-002-06,CT19-T2-002-06-01,0
CT19-T2-002,CT19-T2-002-06,CT19-T2-002-06-02,0
CT19-T2-002,CT19-T2-002-07,CT19-T2-002-07-01,1
CT19-T2-002,CT19-T2-002-07,CT19-T2-002-07-02,0
CT19-T2-002,CT19-T2-002-07,CT19-T2-002-07-04,0
CT19-T2-002,CT19-T2-002-09,CT19-T2-002-09-01,0
CT19-T2-002,CT19-T2-002-09,CT19-T2-002-09-02,0
CT19-T2-002,CT19-T2-002-09,CT19-T2-002-09-03,0
CT19-T2-002,CT19-T2-002-14,CT19-T2-002-14-01,0
CT19-T2-002,CT19-T2-002-14,CT19-T2-002-14-02,0
CT19-T2-002,CT19-T2-002-14,CT19-T2-002-14-03,0
CT19-T2-002,CT19-T2-002-14,CT19-T2-002-14-04,0
CT19-T2-002,CT19-T2-002-16,CT19-T2-002-16-01,0
CT19-T2-002,CT19-T2-002-16,CT19-T2-002-16-02,0
CT19-T2-002,CT19-T2-002-16,CT19-T2-002-16-03,1
CT19-T2-002,CT19-T2-002-16,CT19-T2-002-16-04,0
CT19-T2-002,CT19-T2-002-16,CT19-T2-002-16-05,0
CT19-T2-002,CT19-T2-002-17,CT19-T2-002-17-01,1
CT19-T2-002,CT19-T2-002-17,CT19-T2-002-17-03,0
CT19-T2-002,CT19-T2-002-17,CT19-T2-002-17-05,0
CT19-T2-002,CT19-T2-002-17,CT19-T2-002-17-07,0
CT19-T2-002,CT19-T2-002-19,CT19-T2-002-19-01,0
CT19-T2-002,CT19-T2-002-20,CT19-T2-002-20-01,0
CT19-T2-002,CT19-T2-002-20,CT19-T2-002-20-02,0
CT19-T2-002,CT19-T2-002-20,CT19-T2-002-20-03,0
CT19-T2-002,CT19-T2-002-20,CT19-T2-002-20-04,0
CT19-T2-002,CT19-T2-002-23,CT19-T2-002-23-01,0
CT19-T2-002,CT19-T2-002-23,CT19-T2-002-23-02,0
CT19-T2-002,CT19-T2-002-23,CT19-T2-002-23-03,0
CT19-T2-002,CT19-T2-002-23,CT19-T2-002-23-04,0
CT19-T2-002,CT19-T2-002-25,CT19-T2-002-25-01,0
CT19-T2-002,CT19-T2-002-25,CT19-T2-002-25-02,0
CT19-T2-002,CT19-T2-002-25,CT19-T2-002-25-03,0
CT19-T2-002,CT19-T2-002-42,CT19-T2-002-42-01,0
CT19-T2-002,CT19-T2-002-42,CT19-T2-002-42-02,0
CT19-T2-002,CT19-T2-002-42,CT19-T2-002-42-03,0
CT19-T2-002,CT19-T2-002-42,CT19-T2-002-42-04,0
CT19-T2-002,CT19-T2-002-42,CT19-T2-002-42-05,0
CT19-T2-002,CT19-T2-002-42,CT19-T2-002-42-06,0
CT19-T2-002,CT19-T2-002-42,CT19-T2-002-42-07,0
CT19-T2-004,CT19-T2-004-01,CT19-T2-004-01-01,0
CT19-T2-004,CT19-T2-004-01,CT19-T2-004-01-02,1
CT19-T2-004,CT19-T2-004-01,CT19-T2-004-01-03,1
CT19-T2-004,CT19-T2-004-01,CT19-T2-004-01-04,1
CT19-T2-006,CT19-T2-006-02,CT19-T2-006-02-01,1
CT19-T2-006,CT19-T2-006-02,CT19-T2-006-02-02,1
CT19-T2-006,CT19-T2-006-03,CT19-T2-006-03-01,1
CT19-T2-006,CT19-T2-006-03,CT19-T2-006-03-02,0
CT19-T2-006,CT19-T2-006-03,CT19-T2-006-03-03,0
CT19-T2-006,CT19-T2-006-03,CT19-T2-006-03-04,0
CT19-T2-006,CT19-T2-006-04,CT19-T2-006-04-01,1
CT19-T2-006,CT19-T2-006-04,CT19-T2-006-04-02,1
CT19-T2-006,CT19-T2-006-04,CT19-T2-006-04-03,0
CT19-T2-006,CT19-T2-006-05,CT19-T2-006-05-01,0
CT19-T2-006,CT19-T2-006-05,CT19-T2-006-05-02,0
CT19-T2-006,CT19-T2-006-06,CT19-T2-006-06-01,1
CT19-T2-006,CT19-T2-006-06,CT19-T2-006-06-02,0
CT19-T2-006,CT19-T2-006-06,CT19-T2-006-06-03,0
CT19-T2-006,CT19-T2-006-07,CT19-T2-006-07-01,0
CT19-T2-006,CT19-T2-006-07,CT19-T2-006-07-02,0
CT19-T2-006,CT19-T2-006-07,CT19-T2-006-07-03,0
CT19-T2-006,CT19-T2-006-07,CT19-T2-006-07-04,0
CT19-T2-006,CT19-T2-006-08,CT19-T2-006-08-01,1
CT19-T2-006,CT19-T2-006-08,CT19-T2-006-08-02,0
CT19-T2-006,CT19-T2-006-08,CT19-T2-006-08-03,0
CT19-T2-006,CT19-T2-006-08,CT19-T2-006-08-04,0
CT19-T2-006,CT19-T2-006-08,CT19-T2-006-08-05,0
CT19-T2-006,CT19-T2-006-08,CT19-T2-006-08-06,1
CT19-T2-006,CT19-T2-006-09,CT19-T2-006-09-01,0
CT19-T2-006,CT19-T2-006-09,CT19-T2-006-09-02,0
CT19-T2-006,CT19-T2-006-09,CT19-T2-006-09-03,0
CT19-T2-006,CT19-T2-006-09,CT19-T2-006-09-04,0
CT19-T2-006,CT19-T2-006-09,CT19-T2-006-09-05,0
CT19-T2-006,CT19-T2-006-09,CT19-T2-006-09-06,0
CT19-T2-006,CT19-T2-006-09,CT19-T2-006-09-07,0
CT19-T2-006,CT19-T2-006-09,CT19-T2-006-09-08,0
CT19-T2-006,CT19-T2-006-09,CT19-T2-006-09-09,0
CT19-T2-006,CT19-T2-006-09,CT19-T2-006-09-10,0
CT19-T2-006,CT19-T2-006-09,CT19-T2-006-09-11,0
CT19-T2-006,CT19-T2-006-09,CT19-T2-006-09-12,0
CT19-T2-006,CT19-T2-006-09,CT19-T2-006-09-13,0
CT19-T2-006,CT19-T2-006-10,CT19-T2-006-10-01,0
CT19-T2-006,CT19-T2-006-10,CT19-T2-006-10-02,0
CT19-T2-006,CT19-T2-006-10,CT19-T2-006-10-03,0
CT19-T2-006,CT19-T2-006-10,CT19-T2-006-10-04,0
CT19-T2-006,CT19-T2-006-10,CT19-T2-006-10-05,0
CT19-T2-006,CT19-T2-006-10,CT19-T2-006-10-06,0
CT19-T2-006,CT19-T2-006-10,CT19-T2-006-10-07,0
CT19-T2-006,CT19-T2-006-11,CT19-T2-006-11-01,0
CT19-T2-006,CT19-T2-006-11,CT19-T2-006-11-02,0
CT19-T2-006,CT19-T2-006-11,CT19-T2-006-11-03,0
CT19-T2-006,CT19-T2-006-11,CT19-T2-006-11-04,0
CT19-T2-006,CT19-T2-006-16,CT19-T2-006-16-01,0
CT19-T2-006,CT19-T2-006-16,CT19-T2-006-16-02,0
CT19-T2-006,CT19-T2-006-16,CT19-T2-006-16-04,0
CT19-T2-006,CT19-T2-006-16,CT19-T2-006-16-05,0
CT19-T2-006,CT19-T2-006-19,CT19-T2-006-19-01,0
CT19-T2-006,CT19-T2-006-19,CT19-T2-006-19-02,0
CT19-T2-006,CT19-T2-006-19,CT19-T2-006-19-03,0
CT19-T2-006,CT19-T2-006-22,CT19-T2-006-22-01,0
CT19-T2-006,CT19-T2-006-22,CT19-T2-006-22-02,0
CT19-T2-006,CT19-T2-006-22,CT19-T2-006-22-03,0
CT19-T2-006,CT19-T2-006-22,CT19-T2-006-22-04,0
CT19-T2-006,CT19-T2-006-28,CT19-T2-006-28-01,0
CT19-T2-006,CT19-T2-006-28,CT19-T2-006-28-02,0
CT19-T2-006,CT19-T2-006-28,CT19-T2-006-28-03,0
CT19-T2-006,CT19-T2-006-29,CT19-T2-006-29-01,0
CT19-T2-006,CT19-T2-006-29,CT19-T2-006-29-02,0
CT19-T2-006,CT19-T2-006-29,CT19-T2-006-29-03,0
CT19-T2-006,CT19-T2-006-29,CT19-T2-006-29-04,0
CT19-T2-006,CT19-T2-006-29,CT19-T2-006-29-05,0
CT19-T2-006,CT19-T2-006-29,CT19-T2-006-29-06,0
CT19-T2-006,CT19-T2-006-29,CT19-T2-006-29-07,0
CT19-T2-006,CT19-T2-006-29,CT19-T2-006-29-08,0
CT19-T2-006,CT19-T2-006-29,CT19-T2-006-29-09,1
CT19-T2-006,CT19-T2-006-29,CT19-T2-006-29-10,0
CT19-T2-006,CT19-T2-006-29,CT19-T2-006-29-11,0
CT19-T2-006,CT19-T2-006-29,CT19-T2-006-29-12,0
CT19-T2-006,CT19-T2-006-29,CT19-T2-006-29-13,0
CT19-T2-006,CT19-T2-006-29,CT19-T2-006-29-14,0
CT19-T2-006,CT19-T2-006-29,CT19-T2-006-29-15,0
CT19-T2-006,CT19-T2-006-33,CT19-T2-006-33-01,0
CT19-T2-006,CT19-T2-006-33,CT19-T2-006-33-02,0
CT19-T2-006,CT19-T2-006-33,CT19-T2-006-33-03,0
CT19-T2-006,CT19-T2-006-33,CT19-T2-006-33-04,0
CT19-T2-006,CT19-T2-006-34,CT19-T2-006-34-01,0
CT19-T2-006,CT19-T2-006-34,CT19-T2-006-34-02,0
CT19-T2-006,CT19-T2-006-34,CT19-T2-006-34-03,0
CT19-T2-006,CT19-T2-006-34,CT19-T2-006-34-04,0
CT19-T2-006,CT19-T2-006-35,CT19-T2-006-35-01,0
CT19-T2-006,CT19-T2-006-35,CT19-T2-006-35-02,0
CT19-T2-006,CT19-T2-006-35,CT19-T2-006-35-03,0
CT19-T2-006,CT19-T2-006-35,CT19-T2-006-35-04,0
CT19-T2-006,CT19-T2-006-35,CT19-T2-006-35-05,0
CT19-T2-007,CT19-T2-007-02,CT19-T2-007-02-01,0
CT19-T2-007,CT19-T2-007-02,CT19-T2-007-02-02,0
CT19-T2-007,CT19-T2-007-02,CT19-T2-007-02-03,0
CT19-T2-007,CT19-T2-007-03,CT19-T2-007-03-01,0
CT19-T2-007,CT19-T2-007-03,CT19-T2-007-03-02,0
CT19-T2-007,CT19-T2-007-03,CT19-T2-007-03-03,1
CT19-T2-007,CT19-T2-007-04,CT19-T2-007-04-01,0
CT19-T2-007,CT19-T2-007-04,CT19-T2-007-04-02,1
CT19-T2-007,CT19-T2-007-04,CT19-T2-007-04-03,1
CT19-T2-007,CT19-T2-007-07,CT19-T2-007-07-01,0
CT19-T2-007,CT19-T2-007-07,CT19-T2-007-07-02,0
CT19-T2-007,CT19-T2-007-07,CT19-T2-007-07-03,0
CT19-T2-007,CT19-T2-007-07,CT19-T2-007-07-04,0
CT19-T2-007,CT19-T2-007-07,CT19-T2-007-07-05,0
CT19-T2-007,CT19-T2-007-07,CT19-T2-007-07-06,0
CT19-T2-007,CT19-T2-007-07,CT19-T2-007-07-07,0
CT19-T2-007,CT19-T2-007-07,CT19-T2-007-07-08,0
CT19-T2-007,CT19-T2-007-10,CT19-T2-007-10-01,0
CT19-T2-007,CT19-T2-007-10,CT19-T2-007-10-02,1
CT19-T2-007,CT19-T2-007-10,CT19-T2-007-10-03,0
CT19-T2-007,CT19-T2-007-12,CT19-T2-007-12-01,0
CT19-T2-007,CT19-T2-007-12,CT19-T2-007-12-02,0
CT19-T2-007,CT19-T2-007-12,CT19-T2-007-12-03,1
CT19-T2-007,CT19-T2-007-14,CT19-T2-007-14-01,0
CT19-T2-007,CT19-T2-007-14,CT19-T2-007-14-02,1
CT19-T2-007,CT19-T2-007-14,CT19-T2-007-14-03,0
CT19-T2-007,CT19-T2-007-17,CT19-T2-007-17-01,0
CT19-T2-007,CT19-T2-007-17,CT19-T2-007-17-02,0
CT19-T2-007,CT19-T2-007-17,CT19-T2-007-17-03,0
CT19-T2-007,CT19-T2-007-17,CT19-T2-007-17-04,0
CT19-T2-007,CT19-T2-007-17,CT19-T2-007-17-05,0
CT19-T2-007,CT19-T2-007-17,CT19-T2-007-17-06,0
CT19-T2-007,CT19-T2-007-17,CT19-T2-007-17-07,0
CT19-T2-007,CT19-T2-007-17,CT19-T2-007-17-08,0
CT19-T2-007,CT19-T2-007-17,CT19-T2-007-17-09,0
CT19-T2-007,CT19-T2-007-17,CT19-T2-007-17-10,0
CT19-T2-007,CT19-T2-007-17,CT19-T2-007-17-11,0
CT19-T2-007,CT19-T2-007-17,CT19-T2-007-17-12,0
CT19-T2-007,CT19-T2-007-17,CT19-T2-007-17-13,0
CT19-T2-007,CT19-T2-007-17,CT19-T2-007-17-14,0
CT19-T2-007,CT19-T2-007-17,CT19-T2-007-17-15,0
CT19-T2-007,CT19-T2-007-17,CT19-T2-007-17-16,0
CT19-T2-007,CT19-T2-007-17,CT19-T2-007-17-17,0
CT19-T2-007,CT19-T2-007-17,CT19-T2-007-17-18,0
CT19-T2-007,CT19-T2-007-17,CT19-T2-007-17-19,0
CT19-T2-007,CT19-T2-007-17,CT19-T2-007-17-20,0
CT19-T2-007,CT19-T2-007-17,CT19-T2-007-17-21,0
CT19-T2-007,CT19-T2-007-17,CT19-T2-007-17-22,0
CT19-T2-007,CT19-T2-007-17,CT19-T2-007-17-23,0
CT19-T2-007,CT19-T2-007-22,CT19-T2-007-22-01,0
CT19-T2-007,CT19-T2-007-22,CT19-T2-007-22-02,0
CT19-T2-007,CT19-T2-007-22,CT19-T2-007-22-03,0
CT19-T2-007,CT19-T2-007-22,CT19-T2-007-22-04,0
CT19-T2-007,CT19-T2-007-22,CT19-T2-007-22-05,0
CT19-T2-007,CT19-T2-007-33,CT19-T2-007-33-01,1
CT19-T2-007,CT19-T2-007-33,CT19-T2-007-33-02,0
CT19-T2-007,CT19-T2-007-33,CT19-T2-007-33-03,0
CT19-T2-007,CT19-T2-007-33,CT19-T2-007-33-04,0
CT19-T2-007,CT19-T2-007-33,CT19-T2-007-33-05,0
CT19-T2-007,CT19-T2-007-37,CT19-T2-007-37-01,0
CT19-T2-007,CT19-T2-007-37,CT19-T2-007-37-02,0
CT19-T2-007,CT19-T2-007-37,CT19-T2-007-37-03,0
CT19-T2-007,CT19-T2-007-37,CT19-T2-007-37-04,0
CT19-T2-007,CT19-T2-007-37,CT19-T2-007-37-05,0
CT19-T2-007,CT19-T2-007-37,CT19-T2-007-37-06,0
CT19-T2-007,CT19-T2-007-37,CT19-T2-007-37-07,0
CT19-T2-007,CT19-T2-007-37,CT19-T2-007-37-08,0
CT19-T2-007,CT19-T2-007-46,CT19-T2-007-46-01,0
CT19-T2-007,CT19-T2-007-46,CT19-T2-007-46-02,0
CT19-T2-007,CT19-T2-007-46,CT19-T2-007-46-03,0
CT19-T2-007,CT19-T2-007-46,CT19-T2-007-46-04,0
CT19-T2-007,CT19-T2-007-46,CT19-T2-007-46-05,0
CT19-T2-007,CT19-T2-007-46,CT19-T2-007-46-06,0
CT19-T2-007,CT19-T2-007-46,CT19-T2-007-46-07,0
CT19-T2-008,CT19-T2-008-01,CT19-T2-008-01-01,0
CT19-T2-008,CT19-T2-008-01,CT19-T2-008-01-02,1
CT19-T2-008,CT19-T2-008-01,CT19-T2-008-01-03,1
CT19-T2-008,CT19-T2-008-01,CT19-T2-008-01-04,1
CT19-T2-008,CT19-T2-008-01,CT19-T2-008-01-05,1
CT19-T2-008,CT19-T2-008-01,CT19-T2-008-01-06,0
CT19-T2-008,CT19-T2-008-01,CT19-T2-008-01-07,1
CT19-T2-008,CT19-T2-008-01,CT19-T2-008-01-08,1
CT19-T2-008,CT19-T2-008-01,CT19-T2-008-01-09,0
CT19-T2-008,CT19-T2-008-01,CT19-T2-008-01-10,1
CT19-T2-008,CT19-T2-008-01,CT19-T2-008-01-11,1
CT19-T2-008,CT19-T2-008-02,CT19-T2-008-02-01,1
CT19-T2-008,CT19-T2-008-02,CT19-T2-008-02-02,0
CT19-T2-008,CT19-T2-008-02,CT19-T2-008-02-03,1
CT19-T2-008,CT19-T2-008-03,CT19-T2-008-03-01,1
CT19-T2-008,CT19-T2-008-03,CT19-T2-008-03-02,0
CT19-T2-008,CT19-T2-008-08,CT19-T2-008-08-01,0
CT19-T2-008,CT19-T2-008-08,CT19-T2-008-08-02,0
CT19-T2-008,CT19-T2-008-08,CT19-T2-008-08-03,1
CT19-T2-008,CT19-T2-008-08,CT19-T2-008-08-04,0
CT19-T2-008,CT19-T2-008-08,CT19-T2-008-08-05,0
CT19-T2-008,CT19-T2-008-08,CT19-T2-008-08-06,0
CT19-T2-008,CT19-T2-008-08,CT19-T2-008-08-07,0
CT19-T2-008,CT19-T2-008-09,CT19-T2-008-09-01,1
CT19-T2-008,CT19-T2-008-09,CT19-T2-008-09-02,1
CT19-T2-008,CT19-T2-008-10,CT19-T2-008-10-01,1
CT19-T2-008,CT19-T2-008-10,CT19-T2-008-10-02,1
CT19-T2-008,CT19-T2-008-10,CT19-T2-008-10-03,1
CT19-T2-008,CT19-T2-008-10,CT19-T2-008-10-04,1
CT19-T2-008,CT19-T2-008-13,CT19-T2-008-13-01,0
CT19-T2-008,CT19-T2-008-14,CT19-T2-008-14-01,1
CT19-T2-008,CT19-T2-008-14,CT19-T2-008-14-02,0
CT19-T2-008,CT19-T2-008-14,CT19-T2-008-14-03,0
CT19-T2-008,CT19-T2-008-14,CT19-T2-008-14-04,1
CT19-T2-008,CT19-T2-008-14,CT19-T2-008-14-05,1
CT19-T2-009,CT19-T2-009-01,CT19-T2-009-01-01,1
CT19-T2-009,CT19-T2-009-01,CT19-T2-009-01-03,1
CT19-T2-009,CT19-T2-009-01,CT19-T2-009-01-05,0
CT19-T2-009,CT19-T2-009-01,CT19-T2-009-01-06,0
CT19-T2-009,CT19-T2-009-01,CT19-T2-009-01-07,1
CT19-T2-009,CT19-T2-009-02,CT19-T2-009-02-01,0
CT19-T2-009,CT19-T2-009-02,CT19-T2-009-02-03,0
CT19-T2-009,CT19-T2-009-03,CT19-T2-009-03-01,1
CT19-T2-009,CT19-T2-009-04,CT19-T2-009-04-01,0
CT19-T2-009,CT19-T2-009-04,CT19-T2-009-04-02,0
CT19-T2-009,CT19-T2-009-04,CT19-T2-009-04-03,0
CT19-T2-009,CT19-T2-009-05,CT19-T2-009-05-01,0
CT19-T2-009,CT19-T2-009-05,CT19-T2-009-05-03,0
CT19-T2-009,CT19-T2-009-05,CT19-T2-009-05-04,0
CT19-T2-009,CT19-T2-009-05,CT19-T2-009-05-05,0
CT19-T2-009,CT19-T2-009-06,CT19-T2-009-06-01,0
CT19-T2-009,CT19-T2-009-06,CT19-T2-009-06-03,0
CT19-T2-009,CT19-T2-009-06,CT19-T2-009-06-05,0
CT19-T2-009,CT19-T2-009-07,CT19-T2-009-07-01,0
CT19-T2-009,CT19-T2-009-07,CT19-T2-009-07-02,0
CT19-T2-009,CT19-T2-009-07,CT19-T2-009-07-03,1
CT19-T2-009,CT19-T2-009-08,CT19-T2-009-08-01,1
CT19-T2-009,CT19-T2-009-08,CT19-T2-009-08-02,1
CT19-T2-009,CT19-T2-009-09,CT19-T2-009-09-01,1
CT19-T2-009,CT19-T2-009-09,CT19-T2-009-09-03,0
CT19-T2-009,CT19-T2-009-10,CT19-T2-009-10-01,0
CT19-T2-009,CT19-T2-009-10,CT19-T2-009-10-02,1
CT19-T2-009,CT19-T2-009-10,CT19-T2-009-10-03,0
CT19-T2-009,CT19-T2-009-10,CT19-T2-009-10-04,0
CT19-T2-009,CT19-T2-009-11,CT19-T2-009-11-01,0
CT19-T2-009,CT19-T2-009-11,CT19-T2-009-11-02,1
CT19-T2-009,CT19-T2-009-11,CT19-T2-009-11-04,0
CT19-T2-009,CT19-T2-009-13,CT19-T2-009-13-01,0
CT19-T2-009,CT19-T2-009-13,CT19-T2-009-13-02,0
CT19-T2-009,CT19-T2-009-13,CT19-T2-009-13-04,0
CT19-T2-009,CT19-T2-009-14,CT19-T2-009-14-01,0
CT19-T2-009,CT19-T2-009-14,CT19-T2-009-14-02,0
CT19-T2-009,CT19-T2-009-14,CT19-T2-009-14-03,1
CT19-T2-009,CT19-T2-009-14,CT19-T2-009-14-04,0
CT19-T2-009,CT19-T2-009-15,CT19-T2-009-15-01,0
CT19-T2-009,CT19-T2-009-15,CT19-T2-009-15-02,1
CT19-T2-009,CT19-T2-009-15,CT19-T2-009-15-04,0
CT19-T2-009,CT19-T2-009-16,CT19-T2-009-16-02,1
CT19-T2-009,CT19-T2-009-16,CT19-T2-009-16-04,1
CT19-T2-009,CT19-T2-009-16,CT19-T2-009-16-05,0
CT19-T2-009,CT19-T2-009-17,CT19-T2-009-17-01,0
CT19-T2-009,CT19-T2-009-17,CT19-T2-009-17-02,1
CT19-T2-009,CT19-T2-009-17,CT19-T2-009-17-03,0
CT19-T2-009,CT19-T2-009-18,CT19-T2-009-18-02,0
CT19-T2-009,CT19-T2-009-18,CT19-T2-009-18-03,1
CT19-T2-009,CT19-T2-009-18,CT19-T2-009-18-04,0
CT19-T2-009,CT19-T2-009-19,CT19-T2-009-19-01,0
CT19-T2-009,CT19-T2-009-19,CT19-T2-009-19-02,0
CT19-T2-009,CT19-T2-009-19,CT19-T2-009-19-03,0
CT19-T2-009,CT19-T2-009-20,CT19-T2-009-20-01,0
CT19-T2-009,CT19-T2-009-20,CT19-T2-009-20-02,1
CT19-T2-009,CT19-T2-009-20,CT19-T2-009-20-03,0
CT19-T2-009,CT19-T2-009-20,CT19-T2-009-20-04,1
CT19-T2-009,CT19-T2-009-20,CT19-T2-009-20-07,0
CT19-T2-009,CT19-T2-009-21,CT19-T2-009-21-01,0
CT19-T2-009,CT19-T2-009-21,CT19-T2-009-21-02,0
CT19-T2-009,CT19-T2-009-22,CT19-T2-009-22-01,0
CT19-T2-009,CT19-T2-009-22,CT19-T2-009-22-02,1
CT19-T2-009,CT19-T2-009-22,CT19-T2-009-22-03,0
CT19-T2-009,CT19-T2-009-27,CT19-T2-009-27-01,0
CT19-T2-009,CT19-T2-009-27,CT19-T2-009-27-02,0
CT19-T2-009,CT19-T2-009-28,CT19-T2-009-28-01,0
CT19-T2-009,CT19-T2-009-28,CT19-T2-009-28-02,1
CT19-T2-009,CT19-T2-009-29,CT19-T2-009-29-01,1
CT19-T2-009,CT19-T2-009-29,CT19-T2-009-29-02,1
CT19-T2-009,CT19-T2-009-30,CT19-T2-009-30-01,1
CT19-T2-009,CT19-T2-009-32,CT19-T2-009-32-01,1
CT19-T2-009,CT19-T2-009-32,CT19-T2-009-32-02,0
CT19-T2-009,CT19-T2-009-32,CT19-T2-009-32-03,0
CT19-T2-009,CT19-T2-009-36,CT19-T2-009-36-01,0
CT19-T2-009,CT19-T2-009-36,CT19-T2-009-36-02,0
CT19-T2-009,CT19-T2-009-36,CT19-T2-009-36-03,0
CT19-T2-009,CT19-T2-009-43,CT19-T2-009-43-01,0
CT19-T2-009,CT19-T2-009-43,CT19-T2-009-43-02,1
CT19-T2-009,CT19-T2-009-44,CT19-T2-009-44-01,1
CT19-T2-009,CT19-T2-009-48,CT19-T2-009-48-01,0
CT19-T2-009,CT19-T2-009-48,CT19-T2-009-48-02,1
CT19-T2-009,CT19-T2-009-49,CT19-T2-009-49-01,0
CT19-T2-009,CT19-T2-009-49,CT19-T2-009-49-02,1
CT19-T2-009,CT19-T2-009-49,CT19-T2-009-49-03,0
CT19-T2-010,CT19-T2-010-01,CT19-T2-010-01-01,1
CT19-T2-010,CT19-T2-010-01,CT19-T2-010-01-02,1
CT19-T2-010,CT19-T2-010-01,CT19-T2-010-01-03,0
CT19-T2-010,CT19-T2-010-01,CT19-T2-010-01-04,0
CT19-T2-010,CT19-T2-010-02,CT19-T2-010-02-01,1
CT19-T2-010,CT19-T2-010-02,CT19-T2-010-02-02,0
CT19-T2-010,CT19-T2-010-04,CT19-T2-010-04-02,0
CT19-T2-010,CT19-T2-010-04,CT19-T2-010-04-03,1
CT19-T2-010,CT19-T2-010-04,CT19-T2-010-04-05,0
CT19-T2-010,CT19-T2-010-04,CT19-T2-010-04-06,0
CT19-T2-010,CT19-T2-010-08,CT19-T2-010-08-01,1
CT19-T2-010,CT19-T2-010-08,CT19-T2-010-08-03,0
CT19-T2-010,CT19-T2-010-08,CT19-T2-010-08-04,0
CT19-T2-010,CT19-T2-010-10,CT19-T2-010-10-01,1
CT19-T2-010,CT19-T2-010-10,CT19-T2-010-10-02,1
CT19-T2-010,CT19-T2-010-10,CT19-T2-010-10-04,0
CT19-T2-010,CT19-T2-010-10,CT19-T2-010-10-06,0
CT19-T2-010,CT19-T2-010-10,CT19-T2-010-10-07,0
CT19-T2-010,CT19-T2-010-10,CT19-T2-010-10-08,0
CT19-T2-010,CT19-T2-010-10,CT19-T2-010-10-09,0
CT19-T2-010,CT19-T2-010-10,CT19-T2-010-10-10,0
CT19-T2-010,CT19-T2-010-11,CT19-T2-010-11-01,1
CT19-T2-010,CT19-T2-010-11,CT19-T2-010-11-02,0
CT19-T2-010,CT19-T2-010-11,CT19-T2-010-11-03,0
CT19-T2-010,CT19-T2-010-14,CT19-T2-010-14-01,1
CT19-T2-010,CT19-T2-010-14,CT19-T2-010-14-02,0
CT19-T2-010,CT19-T2-010-15,CT19-T2-010-15-01,1
CT19-T2-010,CT19-T2-010-15,CT19-T2-010-15-02,0
CT19-T2-010,CT19-T2-010-15,CT19-T2-010-15-03,1
CT19-T2-010,CT19-T2-010-15,CT19-T2-010-15-04,0
CT19-T2-010,CT19-T2-010-17,CT19-T2-010-17-01,1
CT19-T2-010,CT19-T2-010-17,CT19-T2-010-17-02,0
CT19-T2-010,CT19-T2-010-17,CT19-T2-010-17-03,0
CT19-T2-010,CT19-T2-010-19,CT19-T2-010-19-01,0
CT19-T2-010,CT19-T2-010-19,CT19-T2-010-19-03,0
CT19-T2-010,CT19-T2-010-19,CT19-T2-010-19-04,0
CT19-T2-010,CT19-T2-010-19,CT19-T2-010-19-05,1
CT19-T2-010,CT19-T2-010-19,CT19-T2-010-19-06,0
CT19-T2-010,CT19-T2-010-20,CT19-T2-010-20-01,0
CT19-T2-010,CT19-T2-010-20,CT19-T2-010-20-03,0
CT19-T2-010,CT19-T2-010-20,CT19-T2-010-20-05,1
CT19-T2-010,CT19-T2-010-24,CT19-T2-010-24-01,0
CT19-T2-010,CT19-T2-010-24,CT19-T2-010-24-02,0
CT19-T2-010,CT19-T2-010-24,CT19-T2-010-24-03,0
CT19-T2-010,CT19-T2-010-24,CT19-T2-010-24-04,1
CT19-T2-010,CT19-T2-010-24,CT19-T2-010-24-05,0
CT19-T2-010,CT19-T2-010-27,CT19-T2-010-27-01,0
CT19-T2-010,CT19-T2-010-27,CT19-T2-010-27-02,1
CT19-T2-010,CT19-T2-010-27,CT19-T2-010-27-03,0
CT19-T2-010,CT19-T2-010-27,CT19-T2-010-27-04,0
CT19-T2-010,CT19-T2-010-34,CT19-T2-010-34-01,1
CT19-T2-010,CT19-T2-010-34,CT19-T2-010-34-02,0
CT19-T2-010,CT19-T2-010-34,CT19-T2-010-34-03,0
CT19-T2-010,CT19-T2-010-38,CT19-T2-010-38-01,1
CT19-T2-010,CT19-T2-010-38,CT19-T2-010-38-02,0
CT19-T2-010,CT19-T2-010-38,CT19-T2-010-38-03,0
CT19-T2-010,CT19-T2-010-42,CT19-T2-010-42-01,1
CT19-T2-010,CT19-T2-010-42,CT19-T2-010-42-02,0
CT19-T2-010,CT19-T2-010-42,CT19-T2-010-42-03,0
CT19-T2-010,CT19-T2-010-42,CT19-T2-010-42-04,0
CT19-T2-010,CT19-T2-010-42,CT19-T2-010-42-05,0
CT19-T2-010,CT19-T2-010-43,CT19-T2-010-43-01,0
CT19-T2-010,CT19-T2-010-43,CT19-T2-010-43-02,1
CT19-T2-010,CT19-T2-010-43,CT19-T2-010-43-03,1
CT19-T2-010,CT19-T2-010-43,CT19-T2-010-43-04,0
CT19-T2-010,CT19-T2-010-47,CT19-T2-010-47-01,1
CT19-T2-010,CT19-T2-010-47,CT19-T2-010-47-02,0
CT19-T2-010,CT19-T2-010-47,CT19-T2-010-47-03,1
CT19-T2-010,CT19-T2-010-47,CT19-T2-010-47-04,0
CT19-T2-011,CT19-T2-011-01,CT19-T2-011-01-01,0
CT19-T2-011,CT19-T2-011-01,CT19-T2-011-01-02,1
CT19-T2-011,CT19-T2-011-01,CT19-T2-011-01-03,1
CT19-T2-011,CT19-T2-011-05,CT19-T2-011-05-01,0
CT19-T2-011,CT19-T2-011-05,CT19-T2-011-05-02,0
CT19-T2-011,CT19-T2-011-05,CT19-T2-011-05-03,1
CT19-T2-012,CT19-T2-012-01,CT19-T2-012-01-01,0
CT19-T2-012,CT19-T2-012-01,CT19-T2-012-01-02,1
CT19-T2-012,CT19-T2-012-01,CT19-T2-012-01-03,1
CT19-T2-012,CT19-T2-012-01,CT19-T2-012-01-04,0
CT19-T2-012,CT19-T2-012-01,CT19-T2-012-01-05,0
CT19-T2-012,CT19-T2-012-03,CT19-T2-012-03-01,1
CT19-T2-012,CT19-T2-012-03,CT19-T2-012-03-02,1
CT19-T2-012,CT19-T2-012-03,CT19-T2-012-03-03,0
CT19-T2-012,CT19-T2-012-03,CT19-T2-012-03-04,0
CT19-T2-012,CT19-T2-012-03,CT19-T2-012-03-05,0
CT19-T2-012,CT19-T2-012-03,CT19-T2-012-03-06,0
CT19-T2-012,CT19-T2-012-06,CT19-T2-012-06-01,1
CT19-T2-012,CT19-T2-012-06,CT19-T2-012-06-05,0
CT19-T2-012,CT19-T2-012-06,CT19-T2-012-06-06,0
CT19-T2-012,CT19-T2-012-06,CT19-T2-012-06-07,0
CT19-T2-012,CT19-T2-012-06,CT19-T2-012-06-08,0
CT19-T2-012,CT19-T2-012-06,CT19-T2-012-06-10,0
CT19-T2-012,CT19-T2-012-06,CT19-T2-012-06-11,0
CT19-T2-012,CT19-T2-012-08,CT19-T2-012-08-01,1
CT19-T2-012,CT19-T2-012-08,CT19-T2-012-08-02,0
CT19-T2-012,CT19-T2-012-08,CT19-T2-012-08-03,0
CT19-T2-012,CT19-T2-012-10,CT19-T2-012-10-01,1
CT19-T2-012,CT19-T2-012-10,CT19-T2-012-10-03,1
CT19-T2-012,CT19-T2-012-10,CT19-T2-012-10-05,0
CT19-T2-012,CT19-T2-012-10,CT19-T2-012-10-07,0
CT19-T2-012,CT19-T2-012-10,CT19-T2-012-10-09,0
CT19-T2-012,CT19-T2-012-10,CT19-T2-012-10-11,0
CT19-T2-012,CT19-T2-012-11,CT19-T2-012-11-01,0
CT19-T2-012,CT19-T2-012-11,CT19-T2-012-11-02,1
CT19-T2-012,CT19-T2-012-11,CT19-T2-012-11-03,0
CT19-T2-012,CT19-T2-012-11,CT19-T2-012-11-04,0
CT19-T2-012,CT19-T2-012-11,CT19-T2-012-11-05,0
CT19-T2-012,CT19-T2-012-11,CT19-T2-012-11-06,0
CT19-T2-012,CT19-T2-012-12,CT19-T2-012-12-01,1
CT19-T2-012,CT19-T2-012-12,CT19-T2-012-12-02,0
CT19-T2-012,CT19-T2-012-12,CT19-T2-012-12-03,0
CT19-T2-012,CT19-T2-012-12,CT19-T2-012-12-04,0
CT19-T2-012,CT19-T2-012-12,CT19-T2-012-12-05,0
CT19-T2-012,CT19-T2-012-12,CT19-T2-012-12-06,0
CT19-T2-012,CT19-T2-012-19,CT19-T2-012-19-01,1
CT19-T2-012,CT19-T2-012-19,CT19-T2-012-19-02,1
CT19-T2-012,CT19-T2-012-19,CT19-T2-012-19-03,0
CT19-T2-012,CT19-T2-012-20,CT19-T2-012-20-01,1
CT19-T2-012,CT19-T2-012-20,CT19-T2-012-20-02,0
CT19-T2-012,CT19-T2-012-20,CT19-T2-012-20-03,0
CT19-T2-012,CT19-T2-012-20,CT19-T2-012-20-04,0
CT19-T2-012,CT19-T2-012-21,CT19-T2-012-21-01,0
CT19-T2-012,CT19-T2-012-21,CT19-T2-012-21-02,1
CT19-T2-012,CT19-T2-012-24,CT19-T2-012-24-01,1
CT19-T2-012,CT19-T2-012-24,CT19-T2-012-24-02,0
CT19-T2-012,CT19-T2-012-25,CT19-T2-012-25-01,0
CT19-T2-012,CT19-T2-012-25,CT19-T2-012-25-02,1
CT19-T2-012,CT19-T2-012-25,CT19-T2-012-25-03,0
CT19-T2-012,CT19-T2-012-27,CT19-T2-012-27-01,1
CT19-T2-012,CT19-T2-012-27,CT19-T2-012-27-02,0
CT19-T2-012,CT19-T2-012-27,CT19-T2-012-27-03,1
CT19-T2-012,CT19-T2-012-29,CT19-T2-012-29-01,0
CT19-T2-012,CT19-T2-012-29,CT19-T2-012-29-02,0
CT19-T2-012,CT19-T2-012-29,CT19-T2-012-29-03,0
CT19-T2-012,CT19-T2-012-29,CT19-T2-012-29-04,1
CT19-T2-012,CT19-T2-012-29,CT19-T2-012-29-05,0
CT19-T2-012,CT19-T2-012-31,CT19-T2-012-31-01,1
CT19-T2-012,CT19-T2-012-31,CT19-T2-012-31-02,0
CT19-T2-012,CT19-T2-012-31,CT19-T2-012-31-03,0
CT19-T2-012,CT19-T2-012-35,CT19-T2-012-35-01,1
CT19-T2-012,CT19-T2-012-35,CT19-T2-012-35-03,0
CT19-T2-012,CT19-T2-012-35,CT19-T2-012-35-05,1
CT19-T2-012,CT19-T2-012-40,CT19-T2-012-40-02,0
CT19-T2-012,CT19-T2-012-40,CT19-T2-012-40-03,0
CT19-T2-012,CT19-T2-012-40,CT19-T2-012-40-04,0
CT19-T2-012,CT19-T2-012-40,CT19-T2-012-40-05,0
CT19-T2-016,CT19-T2-016-02,CT19-T2-016-02-01,1
CT19-T2-016,CT19-T2-016-02,CT19-T2-016-02-02,1
CT19-T2-016,CT19-T2-016-02,CT19-T2-016-02-03,1
CT19-T2-016,CT19-T2-016-02,CT19-T2-016-02-04,0
CT19-T2-016,CT19-T2-016-05,CT19-T2-016-05-01,1
CT19-T2-016,CT19-T2-016-05,CT19-T2-016-05-02,1
CT19-T2-016,CT19-T2-016-06,CT19-T2-016-06-01,1
CT19-T2-016,CT19-T2-016-06,CT19-T2-016-06-02,1
CT19-T2-016,CT19-T2-016-06,CT19-T2-016-06-03,1
CT19-T2-016,CT19-T2-016-07,CT19-T2-016-07-01,1
CT19-T2-016,CT19-T2-016-07,CT19-T2-016-07-02,0
CT19-T2-016,CT19-T2-016-10,CT19-T2-016-10-01,1
CT19-T2-016,CT19-T2-016-10,CT19-T2-016-10-02,1
CT19-T2-016,CT19-T2-016-14,CT19-T2-016-14-01,1
CT19-T2-016,CT19-T2-016-14,CT19-T2-016-14-02,1
CT19-T2-016,CT19-T2-016-15,CT19-T2-016-15-01,1
CT19-T2-016,CT19-T2-016-15,CT19-T2-016-15-02,0
CT19-T2-016,CT19-T2-016-17,CT19-T2-016-17-01,1
CT19-T2-016,CT19-T2-016-17,CT19-T2-016-17-02,1
CT19-T2-016,CT19-T2-016-17,CT19-T2-016-17-04,0
CT19-T2-016,CT19-T2-016-17,CT19-T2-016-17-05,0
CT19-T2-016,CT19-T2-016-24,CT19-T2-016-24-01,1
CT19-T2-016,CT19-T2-016-24,CT19-T2-016-24-02,1
CT19-T2-016,CT19-T2-016-24,CT19-T2-016-24-04,1
CT19-T2-016,CT19-T2-016-24,CT19-T2-016-24-05,0
CT19-T2-016,CT19-T2-016-26,CT19-T2-016-26-01,1
CT19-T2-016,CT19-T2-016-26,CT19-T2-016-26-02,1
CT19-T2-016,CT19-T2-016-28,CT19-T2-016-28-01,1
CT19-T2-016,CT19-T2-016-28,CT19-T2-016-28-02,0
CT19-T2-016,CT19-T2-016-30,CT19-T2-016-30-01,1
CT19-T2-016,CT19-T2-016-30,CT19-T2-016-30-02,1
CT19-T2-016,CT19-T2-016-33,CT19-T2-016-33-01,1
CT19-T2-016,CT19-T2-016-33,CT19-T2-016-33-02,1
CT19-T2-016,CT19-T2-016-33,CT19-T2-016-33-03,1
CT19-T2-016,CT19-T2-016-33,CT19-T2-016-33-04,1
CT19-T2-016,CT19-T2-016-36,CT19-T2-016-36-01,1
CT19-T2-016,CT19-T2-016-36,CT19-T2-016-36-02,1
CT19-T2-016,CT19-T2-016-36,CT19-T2-016-36-03,1
CT19-T2-016,CT19-T2-016-36,CT19-T2-016-36-04,1
CT19-T2-016,CT19-T2-016-38,CT19-T2-016-38-01,1
CT19-T2-016,CT19-T2-016-38,CT19-T2-016-38-02,0
CT19-T2-016,CT19-T2-016-38,CT19-T2-016-38-03,0
CT19-T2-016,CT19-T2-016-40,CT19-T2-016-40-01,1
CT19-T2-016,CT19-T2-016-40,CT19-T2-016-40-02,1
CT19-T2-016,CT19-T2-016-40,CT19-T2-016-40-03,1
CT19-T2-016,CT19-T2-016-44,CT19-T2-016-44-01,0
CT19-T2-016,CT19-T2-016-44,CT19-T2-016-44-02,1
CT19-T2-016,CT19-T2-016-48,CT19-T2-016-48-01,1
CT19-T2-016,CT19-T2-016-48,CT19-T2-016-48-02,0
CT19-T2-016,CT19-T2-016-48,CT19-T2-016-48-03,0
CT19-T2-016,CT19-T2-016-49,CT19-T2-016-49-01,0
CT19-T2-016,CT19-T2-016-49,CT19-T2-016-49-02,1
CT19-T2-016,CT19-T2-016-49,CT19-T2-016-49-03,1
CT19-T2-016,CT19-T2-016-49,CT19-T2-016-49-04,0
CT19-T2-016,CT19-T2-016-49,CT19-T2-016-49-05,0
CT19-T2-016,CT19-T2-016-50,CT19-T2-016-50-01,1
CT19-T2-016,CT19-T2-016-50,CT19-T2-016-50-02,1
CT19-T2-016,CT19-T2-016-50,CT19-T2-016-50-03,1
CT19-T2-016,CT19-T2-016-50,CT19-T2-016-50-04,1
CT19-T2-017,CT19-T2-017-01,CT19-T2-017-01-01,1
CT19-T2-017,CT19-T2-017-01,CT19-T2-017-01-02,1
CT19-T2-017,CT19-T2-017-01,CT19-T2-017-01-03,0
CT19-T2-017,CT19-T2-017-02,CT19-T2-017-02-01,1
CT19-T2-017,CT19-T2-017-02,CT19-T2-017-02-02,0
CT19-T2-017,CT19-T2-017-02,CT19-T2-017-02-03,0
CT19-T2-017,CT19-T2-017-11,CT19-T2-017-11-01,1
CT19-T2-017,CT19-T2-017-11,CT19-T2-017-11-02,0
CT19-T2-018,CT19-T2-018-01,CT19-T2-018-01-01,0
CT19-T2-018,CT19-T2-018-01,CT19-T2-018-01-02,1
CT19-T2-018,CT19-T2-018-01,CT19-T2-018-01-03,1
CT19-T2-018,CT19-T2-018-01,CT19-T2-018-01-04,0
CT19-T2-018,CT19-T2-018-01,CT19-T2-018-01-05,0
CT19-T2-018,CT19-T2-018-01,CT19-T2-018-01-06,0
CT19-T2-018,CT19-T2-018-02,CT19-T2-018-02-01,1
CT19-T2-018,CT19-T2-018-02,CT19-T2-018-02-02,0
CT19-T2-018,CT19-T2-018-02,CT19-T2-018-02-03,0
CT19-T2-018,CT19-T2-018-03,CT19-T2-018-03-01,1
CT19-T2-018,CT19-T2-018-03,CT19-T2-018-03-02,0
CT19-T2-018,CT19-T2-018-05,CT19-T2-018-05-01,1
CT19-T2-018,CT19-T2-018-05,CT19-T2-018-05-02,1
CT19-T2-018,CT19-T2-018-05,CT19-T2-018-05-03,0
CT19-T2-018,CT19-T2-018-07,CT19-T2-018-07-01,1
CT19-T2-018,CT19-T2-018-07,CT19-T2-018-07-02,0
CT19-T2-018,CT19-T2-018-12,CT19-T2-018-12-01,0
CT19-T2-018,CT19-T2-018-12,CT19-T2-018-12-02,1
CT19-T2-018,CT19-T2-018-12,CT19-T2-018-12-03,0
CT19-T2-018,CT19-T2-018-15,CT19-T2-018-15-01,1
CT19-T2-018,CT19-T2-018-15,CT19-T2-018-15-02,1
CT19-T2-018,CT19-T2-018-17,CT19-T2-018-17-01,1
CT19-T2-018,CT19-T2-018-17,CT19-T2-018-17-02,0
CT19-T2-018,CT19-T2-018-17,CT19-T2-018-17-03,1
CT19-T2-018,CT19-T2-018-17,CT19-T2-018-17-04,1
CT19-T2-018,CT19-T2-018-17,CT19-T2-018-17-05,0
CT19-T2-018,CT19-T2-018-20,CT19-T2-018-20-01,0
CT19-T2-018,CT19-T2-018-20,CT19-T2-018-20-02,0
CT19-T2-018,CT19-T2-018-20,CT19-T2-018-20-03,1
CT19-T2-018,CT19-T2-018-21,CT19-T2-018-21-01,1
CT19-T2-018,CT19-T2-018-21,CT19-T2-018-21-02,1
CT19-T2-018,CT19-T2-018-21,CT19-T2-018-21-03,0
CT19-T2-018,CT19-T2-018-22,CT19-T2-018-22-01,1
CT19-T2-018,CT19-T2-018-22,CT19-T2-018-22-02,1
CT19-T2-018,CT19-T2-018-43,CT19-T2-018-43-01,1
CT19-T2-018,CT19-T2-018-43,CT19-T2-018-43-02,1
CT19-T2-019,CT19-T2-019-18,CT19-T2-019-18-01,0
CT19-T2-019,CT19-T2-019-18,CT19-T2-019-18-02,0
CT19-T2-019,CT19-T2-019-18,CT19-T2-019-18-03,0
CT19-T2-019,CT19-T2-019-41,CT19-T2-019-41-01,0
CT19-T2-019,CT19-T2-019-41,CT19-T2-019-41-02,1
CT19-T2-019,CT19-T2-019-44,CT19-T2-019-44-01,1
CT19-T2-019,CT19-T2-019-44,CT19-T2-019-44-02,0
CT19-T2-019,CT19-T2-019-44,CT19-T2-019-44-03,0
CT19-T2-019,CT19-T2-019-44,CT19-T2-019-44-04,0
CT19-T2-019,CT19-T2-019-49,CT19-T2-019-49-01,1
CT19-T2-019,CT19-T2-019-49,CT19-T2-019-49-02,0
CT19-T2-020,CT19-T2-020-01,CT19-T2-020-01-01,1
CT19-T2-020,CT19-T2-020-01,CT19-T2-020-01-02,1
CT19-T2-020,CT19-T2-020-01,CT19-T2-020-01-03,0
CT19-T2-020,CT19-T2-020-02,CT19-T2-020-02-01,1
CT19-T2-020,CT19-T2-020-02,CT19-T2-020-02-02,1
CT19-T2-020,CT19-T2-020-02,CT19-T2-020-02-03,0
CT19-T2-020,CT19-T2-020-02,CT19-T2-020-02-04,0
CT19-T2-020,CT19-T2-020-04,CT19-T2-020-04-01,0
CT19-T2-020,CT19-T2-020-04,CT19-T2-020-04-02,0
CT19-T2-020,CT19-T2-020-04,CT19-T2-020-04-03,1
CT19-T2-020,CT19-T2-020-04,CT19-T2-020-04-04,0
CT19-T2-020,CT19-T2-020-04,CT19-T2-020-04-05,0
CT19-T2-020,CT19-T2-020-04,CT19-T2-020-04-06,1
CT19-T2-020,CT19-T2-020-06,CT19-T2-020-06-01,0
CT19-T2-020,CT19-T2-020-06,CT19-T2-020-06-02,0
CT19-T2-020,CT19-T2-020-06,CT19-T2-020-06-03,1
CT19-T2-020,CT19-T2-020-06,CT19-T2-020-06-04,1
CT19-T2-020,CT19-T2-020-09,CT19-T2-020-09-01,0
CT19-T2-020,CT19-T2-020-09,CT19-T2-020-09-02,0
CT19-T2-020,CT19-T2-020-09,CT19-T2-020-09-03,1
CT19-T2-020,CT19-T2-020-09,CT19-T2-020-09-04,0
CT19-T2-020,CT19-T2-020-09,CT19-T2-020-09-05,0
CT19-T2-020,CT19-T2-020-09,CT19-T2-020-09-06,0
CT19-T2-020,CT19-T2-020-09,CT19-T2-020-09-07,1
CT19-T2-020,CT19-T2-020-11,CT19-T2-020-11-01,0
CT19-T2-020,CT19-T2-020-11,CT19-T2-020-11-02,0
CT19-T2-020,CT19-T2-020-11,CT19-T2-020-11-03,1
CT19-T2-020,CT19-T2-020-11,CT19-T2-020-11-04,0
CT19-T2-020,CT19-T2-020-12,CT19-T2-020-12-01,1
CT19-T2-020,CT19-T2-020-12,CT19-T2-020-12-02,1
CT19-T2-020,CT19-T2-020-12,CT19-T2-020-12-03,1
CT19-T2-020,CT19-T2-020-12,CT19-T2-020-12-04,0
CT19-T2-020,CT19-T2-020-13,CT19-T2-020-13-01,1
CT19-T2-020,CT19-T2-020-13,CT19-T2-020-13-02,1
CT19-T2-020,CT19-T2-020-13,CT19-T2-020-13-03,1
CT19-T2-020,CT19-T2-020-13,CT19-T2-020-13-04,0
CT19-T2-020,CT19-T2-020-13,CT19-T2-020-13-05,1
CT19-T2-020,CT19-T2-020-14,CT19-T2-020-14-01,1
CT19-T2-020,CT19-T2-020-14,CT19-T2-020-14-02,0
CT19-T2-020,CT19-T2-020-14,CT19-T2-020-14-03,1
CT19-T2-020,CT19-T2-020-14,CT19-T2-020-14-04,1
CT19-T2-020,CT19-T2-020-14,CT19-T2-020-14-05,1
CT19-T2-020,CT19-T2-020-14,CT19-T2-020-14-06,1
CT19-T2-020,CT19-T2-020-16,CT19-T2-020-16-02,1
CT19-T2-020,CT19-T2-020-17,CT19-T2-020-17-01,1
CT19-T2-020,CT19-T2-020-17,CT19-T2-020-17-02,1
CT19-T2-020,CT19-T2-020-18,CT19-T2-020-18-01,1
CT19-T2-020,CT19-T2-020-18,CT19-T2-020-18-02,1
CT19-T2-020,CT19-T2-020-18,CT19-T2-020-18-03,1
CT19-T2-020,CT19-T2-020-18,CT19-T2-020-18-04,0
CT19-T2-020,CT19-T2-020-18,CT19-T2-020-18-05,1
CT19-T2-020,CT19-T2-020-19,CT19-T2-020-19-01,1
CT19-T2-020,CT19-T2-020-19,CT19-T2-020-19-02,0
CT19-T2-020,CT19-T2-020-19,CT19-T2-020-19-03,1
CT19-T2-020,CT19-T2-020-19,CT19-T2-020-19-04,1
CT19-T2-020,CT19-T2-020-19,CT19-T2-020-19-05,0
CT19-T2-020,CT19-T2-020-19,CT19-T2-020-19-06,1
CT19-T2-020,CT19-T2-020-19,CT19-T2-020-19-07,1
CT19-T2-020,CT19-T2-020-20,CT19-T2-020-20-01,1
CT19-T2-020,CT19-T2-020-20,CT19-T2-020-20-02,1
CT19-T2-020,CT19-T2-020-20,CT19-T2-020-20-03,0
CT19-T2-020,CT19-T2-020-20,CT19-T2-020-20-04,1
CT19-T2-020,CT19-T2-020-21,CT19-T2-020-21-01,1
CT19-T2-020,CT19-T2-020-21,CT19-T2-020-21-02,1
CT19-T2-020,CT19-T2-020-21,CT19-T2-020-21-03,0
CT19-T2-020,CT19-T2-020-21,CT19-T2-020-21-04,1
CT19-T2-020,CT19-T2-020-21,CT19-T2-020-21-05,0
CT19-T2-020,CT19-T2-020-21,CT19-T2-020-21-06,0
CT19-T2-020,CT19-T2-020-21,CT19-T2-020-21-07,0
CT19-T2-020,CT19-T2-020-21,CT19-T2-020-21-08,1
CT19-T2-020,CT19-T2-020-22,CT19-T2-020-22-01,1
CT19-T2-020,CT19-T2-020-22,CT19-T2-020-22-02,0
CT19-T2-020,CT19-T2-020-22,CT19-T2-020-22-03,0
CT19-T2-020,CT19-T2-020-22,CT19-T2-020-22-04,0
CT19-T2-020,CT19-T2-020-22,CT19-T2-020-22-05,0
CT19-T2-020,CT19-T2-020-22,CT19-T2-020-22-06,0
CT19-T2-020,CT19-T2-020-24,CT19-T2-020-24-01,1
CT19-T2-020,CT19-T2-020-24,CT19-T2-020-24-02,1
CT19-T2-020,CT19-T2-020-26,CT19-T2-020-26-01,1
CT19-T2-020,CT19-T2-020-26,CT19-T2-020-26-02,1
CT19-T2-020,CT19-T2-020-28,CT19-T2-020-28-01,1
CT19-T2-020,CT19-T2-020-28,CT19-T2-020-28-02,0
CT19-T2-020,CT19-T2-020-28,CT19-T2-020-28-03,1
CT19-T2-020,CT19-T2-020-29,CT19-T2-020-29-01,1
CT19-T2-020,CT19-T2-020-29,CT19-T2-020-29-02,0
CT19-T2-020,CT19-T2-020-29,CT19-T2-020-29-03,1
CT19-T2-020,CT19-T2-020-30,CT19-T2-020-30-01,1
CT19-T2-020,CT19-T2-020-30,CT19-T2-020-30-02,0
CT19-T2-020,CT19-T2-020-30,CT19-T2-020-30-03,0
CT19-T2-020,CT19-T2-020-31,CT19-T2-020-31-01,0
CT19-T2-020,CT19-T2-020-31,CT19-T2-020-31-02,1
CT19-T2-020,CT19-T2-020-31,CT19-T2-020-31-03,0
CT19-T2-020,CT19-T2-020-31,CT19-T2-020-31-04,1
CT19-T2-020,CT19-T2-020-35,CT19-T2-020-35-01,0
CT19-T2-020,CT19-T2-020-35,CT19-T2-020-35-02,0
CT19-T2-020,CT19-T2-020-35,CT19-T2-020-35-03,0
CT19-T2-020,CT19-T2-020-35,CT19-T2-020-35-04,1
CT19-T2-020,CT19-T2-020-35,CT19-T2-020-35-05,0
CT19-T2-020,CT19-T2-020-35,CT19-T2-020-35-06,0
CT19-T2-020,CT19-T2-020-35,CT19-T2-020-35-07,0
CT19-T2-020,CT19-T2-020-35,CT19-T2-020-35-08,0
CT19-T2-020,CT19-T2-020-35,CT19-T2-020-35-09,0
CT19-T2-020,CT19-T2-020-36,CT19-T2-020-36-01,1
CT19-T2-020,CT19-T2-020-36,CT19-T2-020-36-02,1
CT19-T2-020,CT19-T2-020-40,CT19-T2-020-40-01,1
CT19-T2-020,CT19-T2-020-40,CT19-T2-020-40-02,1
CT19-T2-020,CT19-T2-020-40,CT19-T2-020-40-03,0
CT19-T2-020,CT19-T2-020-40,CT19-T2-020-40-04,1
CT19-T2-020,CT19-T2-020-40,CT19-T2-020-40-05,0
CT19-T2-020,CT19-T2-020-41,CT19-T2-020-41-01,1
CT19-T2-020,CT19-T2-020-41,CT19-T2-020-41-02,1
CT19-T2-020,CT19-T2-020-43,CT19-T2-020-43-01,0
CT19-T2-020,CT19-T2-020-43,CT19-T2-020-43-02,0
CT19-T2-020,CT19-T2-020-43,CT19-T2-020-43-03,1
CT19-T2-020,CT19-T2-020-44,CT19-T2-020-44-01,1
CT19-T2-020,CT19-T2-020-44,CT19-T2-020-44-02,0
CT19-T2-020,CT19-T2-020-44,CT19-T2-020-44-03,1
CT19-T2-020,CT19-T2-020-44,CT19-T2-020-44-04,0
CT19-T2-020,CT19-T2-020-44,CT19-T2-020-44-05,0
CT19-T2-020,CT19-T2-020-45,CT19-T2-020-45-01,1
CT19-T2-020,CT19-T2-020-45,CT19-T2-020-45-02,0
CT19-T2-020,CT19-T2-020-45,CT19-T2-020-45-03,1
CT19-T2-020,CT19-T2-020-45,CT19-T2-020-45-04,0
CT19-T2-020,CT19-T2-020-47,CT19-T2-020-47-01,1
CT19-T2-020,CT19-T2-020-47,CT19-T2-020-47-02,0
CT19-T2-020,CT19-T2-020-48,CT19-T2-020-48-01,1
CT19-T2-020,CT19-T2-020-48,CT19-T2-020-48-02,0
CT19-T2-021,CT19-T2-021-02,CT19-T2-021-02-01,1
CT19-T2-021,CT19-T2-021-02,CT19-T2-021-02-02,0
CT19-T2-021,CT19-T2-021-02,CT19-T2-021-02-03,1
CT19-T2-021,CT19-T2-021-02,CT19-T2-021-02-04,0
CT19-T2-021,CT19-T2-021-02,CT19-T2-021-02-05,0
CT19-T2-021,CT19-T2-021-02,CT19-T2-021-02-06,0
CT19-T2-021,CT19-T2-021-02,CT19-T2-021-02-07,0
CT19-T2-021,CT19-T2-021-03,CT19-T2-021-03-02,0
CT19-T2-021,CT19-T2-021-03,CT19-T2-021-03-03,0
CT19-T2-021,CT19-T2-021-03,CT19-T2-021-03-04,1
CT19-T2-021,CT19-T2-021-03,CT19-T2-021-03-05,1
CT19-T2-021,CT19-T2-021-05,CT19-T2-021-05-01,1
CT19-T2-021,CT19-T2-021-05,CT19-T2-021-05-02,0
CT19-T2-021,CT19-T2-021-05,CT19-T2-021-05-03,1
CT19-T2-021,CT19-T2-021-07,CT19-T2-021-07-01,0
CT19-T2-021,CT19-T2-021-07,CT19-T2-021-07-02,0
CT19-T2-021,CT19-T2-021-07,CT19-T2-021-07-03,0
CT19-T2-021,CT19-T2-021-11,CT19-T2-021-11-02,1
CT19-T2-021,CT19-T2-021-11,CT19-T2-021-11-03,1
CT19-T2-021,CT19-T2-021-11,CT19-T2-021-11-04,1
CT19-T2-021,CT19-T2-021-11,CT19-T2-021-11-05,1
CT19-T2-021,CT19-T2-021-12,CT19-T2-021-12-02,0
CT19-T2-021,CT19-T2-021-12,CT19-T2-021-12-03,1
CT19-T2-021,CT19-T2-021-12,CT19-T2-021-12-05,0
CT19-T2-021,CT19-T2-021-13,CT19-T2-021-13-02,0
CT19-T2-021,CT19-T2-021-13,CT19-T2-021-13-03,1
CT19-T2-021,CT19-T2-021-13,CT19-T2-021-13-04,0
CT19-T2-021,CT19-T2-021-13,CT19-T2-021-13-05,0
CT19-T2-021,CT19-T2-021-13,CT19-T2-021-13-06,0
CT19-T2-021,CT19-T2-021-13,CT19-T2-021-13-07,0
CT19-T2-021,CT19-T2-021-15,CT19-T2-021-15-02,1
CT19-T2-021,CT19-T2-021-15,CT19-T2-021-15-03,1
CT19-T2-021,CT19-T2-021-15,CT19-T2-021-15-04,0
CT19-T2-021,CT19-T2-021-15,CT19-T2-021-15-05,0
CT19-T2-021,CT19-T2-021-15,CT19-T2-021-15-06,0
CT19-T2-021,CT19-T2-021-15,CT19-T2-021-15-07,0
CT19-T2-021,CT19-T2-021-17,CT19-T2-021-17-01,1
CT19-T2-021,CT19-T2-021-17,CT19-T2-021-17-02,0
CT19-T2-021,CT19-T2-021-18,CT19-T2-021-18-01,0
CT19-T2-021,CT19-T2-021-18,CT19-T2-021-18-02,1
CT19-T2-021,CT19-T2-021-22,CT19-T2-021-22-02,1
CT19-T2-021,CT19-T2-021-22,CT19-T2-021-22-03,1
CT19-T2-021,CT19-T2-021-22,CT19-T2-021-22-04,0
CT19-T2-021,CT19-T2-021-23,CT19-T2-021-23-02,1
CT19-T2-021,CT19-T2-021-24,CT19-T2-021-24-02,1
CT19-T2-021,CT19-T2-021-24,CT19-T2-021-24-03,1
CT19-T2-021,CT19-T2-021-24,CT19-T2-021-24-04,1
CT19-T2-021,CT19-T2-021-30,CT19-T2-021-30-01,1
CT19-T2-021,CT19-T2-021-30,CT19-T2-021-30-03,0
CT19-T2-021,CT19-T2-021-30,CT19-T2-021-30-04,1
CT19-T2-021,CT19-T2-021-30,CT19-T2-021-30-05,0
CT19-T2-021,CT19-T2-021-30,CT19-T2-021-30-06,0
CT19-T2-021,CT19-T2-021-31,CT19-T2-021-31-02,0
CT19-T2-021,CT19-T2-021-31,CT19-T2-021-31-03,1
CT19-T2-021,CT19-T2-021-31,CT19-T2-021-31-04,1
CT19-T2-021,CT19-T2-021-37,CT19-T2-021-37-01,0
CT19-T2-021,CT19-T2-021-37,CT19-T2-021-37-02,0
CT19-T2-021,CT19-T2-021-37,CT19-T2-021-37-03,0
CT19-T2-021,CT19-T2-021-37,CT19-T2-021-37-04,0
CT19-T2-021,CT19-T2-021-37,CT19-T2-021-37-05,0
CT19-T2-021,CT19-T2-021-37,CT19-T2-021-37-06,0
CT19-T2-022,CT19-T2-022-05,CT19-T2-022-05-02,1
CT19-T2-022,CT19-T2-022-05,CT19-T2-022-05-03,1
CT19-T2-022,CT19-T2-022-05,CT19-T2-022-05-04,1
CT19-T2-022,CT19-T2-022-05,CT19-T2-022-05-05,0
CT19-T2-022,CT19-T2-022-05,CT19-T2-022-05-06,0
CT19-T2-022,CT19-T2-022-05,CT19-T2-022-05-07,1
CT19-T2-022,CT19-T2-022-09,CT19-T2-022-09-01,1
CT19-T2-022,CT19-T2-022-09,CT19-T2-022-09-02,1
CT19-T2-022,CT19-T2-022-09,CT19-T2-022-09-03,0
CT19-T2-022,CT19-T2-022-09,CT19-T2-022-09-04,1
CT19-T2-022,CT19-T2-022-09,CT19-T2-022-09-05,1
CT19-T2-022,CT19-T2-022-09,CT19-T2-022-09-06,0
CT19-T2-022,CT19-T2-022-10,CT19-T2-022-10-01,0
CT19-T2-022,CT19-T2-022-10,CT19-T2-022-10-02,0
CT19-T2-022,CT19-T2-022-10,CT19-T2-022-10-03,0
CT19-T2-022,CT19-T2-022-10,CT19-T2-022-10-04,1
CT19-T2-022,CT19-T2-022-10,CT19-T2-022-10-05,0
CT19-T2-022,CT19-T2-022-10,CT19-T2-022-10-07,0
CT19-T2-022,CT19-T2-022-10,CT19-T2-022-10-08,0
CT19-T2-022,CT19-T2-022-10,CT19-T2-022-10-09,0
CT19-T2-022,CT19-T2-022-10,CT19-T2-022-10-10,0
CT19-T2-022,CT19-T2-022-10,CT19-T2-022-10-11,0
CT19-T2-022,CT19-T2-022-10,CT19-T2-022-10-12,0
CT19-T2-022,CT19-T2-022-10,CT19-T2-022-10-13,0
CT19-T2-022,CT19-T2-022-10,CT19-T2-022-10-14,1
CT19-T2-022,CT19-T2-022-10,CT19-T2-022-10-15,0
CT19-T2-022,CT19-T2-022-10,CT19-T2-022-10-16,0
CT19-T2-022,CT19-T2-022-10,CT19-T2-022-10-17,0
CT19-T2-022,CT19-T2-022-10,CT19-T2-022-10-18,0
CT19-T2-022,CT19-T2-022-10,CT19-T2-022-10-19,1
CT19-T2-022,CT19-T2-022-10,CT19-T2-022-10-20,0
CT19-T2-022,CT19-T2-022-10,CT19-T2-022-10-22,1
CT19-T2-022,CT19-T2-022-10,CT19-T2-022-10-24,0
CT19-T2-022,CT19-T2-022-10,CT19-T2-022-10-26,0
CT19-T2-022,CT19-T2-022-10,CT19-T2-022-10-27,0
CT19-T2-022,CT19-T2-022-10,CT19-T2-022-10-29,0
CT19-T2-022,CT19-T2-022-10,CT19-T2-022-10-31,1
CT19-T2-022,CT19-T2-022-11,CT19-T2-022-11-02,0
CT19-T2-022,CT19-T2-022-11,CT19-T2-022-11-03,1
CT19-T2-022,CT19-T2-022-11,CT19-T2-022-11-04,0
CT19-T2-022,CT19-T2-022-11,CT19-T2-022-11-05,1
CT19-T2-022,CT19-T2-022-11,CT19-T2-022-11-06,0
CT19-T2-022,CT19-T2-022-11,CT19-T2-022-11-07,0
CT19-T2-022,CT19-T2-022-11,CT19-T2-022-11-08,0
CT19-T2-022,CT19-T2-022-11,CT19-T2-022-11-09,0
CT19-T2-022,CT19-T2-022-11,CT19-T2-022-11-11,1
CT19-T2-022,CT19-T2-022-11,CT19-T2-022-11-12,0
CT19-T2-022,CT19-T2-022-11,CT19-T2-022-11-13,0
CT19-T2-022,CT19-T2-022-11,CT19-T2-022-11-14,0
CT19-T2-023,CT19-T2-023-01,CT19-T2-023-01-01,0
CT19-T2-023,CT19-T2-023-01,CT19-T2-023-01-03,1
CT19-T2-023,CT19-T2-023-01,CT19-T2-023-01-04,1
CT19-T2-023,CT19-T2-023-01,CT19-T2-023-01-05,0
CT19-T2-023,CT19-T2-023-01,CT19-T2-023-01-06,0
CT19-T2-023,CT19-T2-023-01,CT19-T2-023-01-07,0
CT19-T2-023,CT19-T2-023-01,CT19-T2-023-01-08,0
CT19-T2-023,CT19-T2-023-01,CT19-T2-023-01-09,0
CT19-T2-023,CT19-T2-023-02,CT19-T2-023-02-02,1
CT19-T2-023,CT19-T2-023-02,CT19-T2-023-02-03,0
CT19-T2-023,CT19-T2-023-02,CT19-T2-023-02-04,0
CT19-T2-023,CT19-T2-023-02,CT19-T2-023-02-05,0
CT19-T2-023,CT19-T2-023-07,CT19-T2-023-07-01,0
CT19-T2-023,CT19-T2-023-07,CT19-T2-023-07-02,1
CT19-T2-023,CT19-T2-023-07,CT19-T2-023-07-03,1
CT19-T2-023,CT19-T2-023-09,CT19-T2-023-09-02,0
CT19-T2-023,CT19-T2-023-09,CT19-T2-023-09-04,1
CT19-T2-023,CT19-T2-023-09,CT19-T2-023-09-06,0
CT19-T2-023,CT19-T2-023-09,CT19-T2-023-09-07,0
CT19-T2-023,CT19-T2-023-09,CT19-T2-023-09-08,0
CT19-T2-023,CT19-T2-023-09,CT19-T2-023-09-10,0
CT19-T2-023,CT19-T2-023-09,CT19-T2-023-09-12,0
CT19-T2-023,CT19-T2-023-09,CT19-T2-023-09-13,0
CT19-T2-023,CT19-T2-023-10,CT19-T2-023-10-02,0
CT19-T2-023,CT19-T2-023-10,CT19-T2-023-10-03,1
CT19-T2-023,CT19-T2-023-10,CT19-T2-023-10-04,0
CT19-T2-023,CT19-T2-023-10,CT19-T2-023-10-05,0
CT19-T2-023,CT19-T2-023-10,CT19-T2-023-10-06,0
CT19-T2-023,CT19-T2-023-10,CT19-T2-023-10-07,0
CT19-T2-023,CT19-T2-023-10,CT19-T2-023-10-08,0
CT19-T2-023,CT19-T2-023-10,CT19-T2-023-10-09,0
CT19-T2-023,CT19-T2-023-10,CT19-T2-023-10-11,0
CT19-T2-023,CT19-T2-023-10,CT19-T2-023-10-12,0
CT19-T2-023,CT19-T2-023-12,CT19-T2-023-12-02,0
CT19-T2-023,CT19-T2-023-12,CT19-T2-023-12-03,0
CT19-T2-023,CT19-T2-023-12,CT19-T2-023-12-04,0
CT19-T2-023,CT19-T2-023-12,CT19-T2-023-12-06,0
CT19-T2-023,CT19-T2-023-12,CT19-T2-023-12-07,0
CT19-T2-023,CT19-T2-023-12,CT19-T2-023-12-09,0
CT19-T2-023,CT19-T2-023-12,CT19-T2-023-12-11,0
CT19-T2-023,CT19-T2-023-12,CT19-T2-023-12-12,0
CT19-T2-023,CT19-T2-023-12,CT19-T2-023-12-13,0
CT19-T2-024,CT19-T2-024-01,CT19-T2-024-01-01,1
CT19-T2-024,CT19-T2-024-01,CT19-T2-024-01-02,1
CT19-T2-024,CT19-T2-024-01,CT19-T2-024-01-03,0
CT19-T2-024,CT19-T2-024-02,CT19-T2-024-02-01,1
CT19-T2-024,CT19-T2-024-02,CT19-T2-024-02-02,1
CT19-T2-024,CT19-T2-024-03,CT19-T2-024-03-02,1
CT19-T2-024,CT19-T2-024-03,CT19-T2-024-03-03,1
CT19-T2-024,CT19-T2-024-03,CT19-T2-024-03-04,1
CT19-T2-024,CT19-T2-024-04,CT19-T2-024-04-01,0
CT19-T2-024,CT19-T2-024-04,CT19-T2-024-04-02,0
CT19-T2-024,CT19-T2-024-04,CT19-T2-024-04-03,0
CT19-T2-024,CT19-T2-024-04,CT19-T2-024-04-04,0
CT19-T2-024,CT19-T2-024-04,CT19-T2-024-04-05,0
CT19-T2-024,CT19-T2-024-04,CT19-T2-024-04-06,0
CT19-T2-024,CT19-T2-024-04,CT19-T2-024-04-07,0
CT19-T2-024,CT19-T2-024-04,CT19-T2-024-04-08,0
CT19-T2-024,CT19-T2-024-04,CT19-T2-024-04-09,0
CT19-T2-024,CT19-T2-024-04,CT19-T2-024-04-10,0
CT19-T2-024,CT19-T2-024-04,CT19-T2-024-04-11,0
CT19-T2-024,CT19-T2-024-04,CT19-T2-024-04-12,0
CT19-T2-024,CT19-T2-024-04,CT19-T2-024-04-13,0
CT19-T2-024,CT19-T2-024-04,CT19-T2-024-04-14,0
CT19-T2-024,CT19-T2-024-04,CT19-T2-024-04-15,0
CT19-T2-024,CT19-T2-024-04,CT19-T2-024-04-16,0
CT19-T2-024,CT19-T2-024-04,CT19-T2-024-04-17,0
CT19-T2-024,CT19-T2-024-04,CT19-T2-024-04-18,0
CT19-T2-024,CT19-T2-024-04,CT19-T2-024-04-19,0
CT19-T2-024,CT19-T2-024-04,CT19-T2-024-04-20,0
CT19-T2-024,CT19-T2-024-04,CT19-T2-024-04-21,0
CT19-T2-024,CT19-T2-024-04,CT19-T2-024-04-22,0
CT19-T2-024,CT19-T2-024-04,CT19-T2-024-04-23,0
CT19-T2-024,CT19-T2-024-04,CT19-T2-024-04-24,0
CT19-T2-024,CT19-T2-024-04,CT19-T2-024-04-25,0
CT19-T2-024,CT19-T2-024-04,CT19-T2-024-04-26,0
CT19-T2-024,CT19-T2-024-04,CT19-T2-024-04-27,0
CT19-T2-024,CT19-T2-024-04,CT19-T2-024-04-28,0
CT19-T2-024,CT19-T2-024-04,CT19-T2-024-04-29,0
CT19-T2-024,CT19-T2-024-04,CT19-T2-024-04-30,0
CT19-T2-024,CT19-T2-024-04,CT19-T2-024-04-31,0
CT19-T2-024,CT19-T2-024-04,CT19-T2-024-04-32,0
CT19-T2-024,CT19-T2-024-04,CT19-T2-024-04-33,0
CT19-T2-024,CT19-T2-024-04,CT19-T2-024-04-34,0
CT19-T2-024,CT19-T2-024-04,CT19-T2-024-04-35,0
CT19-T2-024,CT19-T2-024-04,CT19-T2-024-04-36,0
CT19-T2-024,CT19-T2-024-04,CT19-T2-024-04-37,0
CT19-T2-024,CT19-T2-024-04,CT19-T2-024-04-38,0
CT19-T2-024,CT19-T2-024-04,CT19-T2-024-04-39,0
CT19-T2-024,CT19-T2-024-04,CT19-T2-024-04-40,0
CT19-T2-024,CT19-T2-024-04,CT19-T2-024-04-41,0
CT19-T2-024,CT19-T2-024-04,CT19-T2-024-04-42,0
CT19-T2-024,CT19-T2-024-04,CT19-T2-024-04-43,0
CT19-T2-024,CT19-T2-024-04,CT19-T2-024-04-44,1
CT19-T2-024,CT19-T2-024-04,CT19-T2-024-04-45,1
CT19-T2-024,CT19-T2-024-04,CT19-T2-024-04-46,0
CT19-T2-024,CT19-T2-024-04,CT19-T2-024-04-47,1
CT19-T2-024,CT19-T2-024-04,CT19-T2-024-04-48,1
CT19-T2-024,CT19-T2-024-04,CT19-T2-024-04-49,1
CT19-T2-024,CT19-T2-024-04,CT19-T2-024-04-50,1
CT19-T2-024,CT19-T2-024-04,CT19-T2-024-04-51,1
CT19-T2-024,CT19-T2-024-04,CT19-T2-024-04-52,0
CT19-T2-024,CT19-T2-024-04,CT19-T2-024-04-53,0
CT19-T2-024,CT19-T2-024-04,CT19-T2-024-04-54,0
CT19-T2-024,CT19-T2-024-04,CT19-T2-024-04-55,1
CT19-T2-024,CT19-T2-024-04,CT19-T2-024-04-56,0
CT19-T2-024,CT19-T2-024-04,CT19-T2-024-04-57,1
CT19-T2-024,CT19-T2-024-04,CT19-T2-024-04-58,1
CT19-T2-024,CT19-T2-024-04,CT19-T2-024-04-59,1
CT19-T2-024,CT19-T2-024-04,CT19-T2-024-04-60,1
CT19-T2-024,CT19-T2-024-04,CT19-T2-024-04-61,0
CT19-T2-024,CT19-T2-024-04,CT19-T2-024-04-62,0
CT19-T2-024,CT19-T2-024-06,CT19-T2-024-06-01,0
CT19-T2-024,CT19-T2-024-06,CT19-T2-024-06-03,1
CT19-T2-024,CT19-T2-024-06,CT19-T2-024-06-04,1
CT19-T2-024,CT19-T2-024-06,CT19-T2-024-06-05,1
CT19-T2-024,CT19-T2-024-06,CT19-T2-024-06-06,0
CT19-T2-024,CT19-T2-024-09,CT19-T2-024-09-01,1
CT19-T2-024,CT19-T2-024-09,CT19-T2-024-09-02,1
CT19-T2-024,CT19-T2-024-09,CT19-T2-024-09-03,1
CT19-T2-024,CT19-T2-024-09,CT19-T2-024-09-04,0
CT19-T2-025,CT19-T2-025-01,CT19-T2-025-01-01,1
CT19-T2-025,CT19-T2-025-01,CT19-T2-025-01-02,0
CT19-T2-025,CT19-T2-025-01,CT19-T2-025-01-03,1
CT19-T2-025,CT19-T2-025-01,CT19-T2-025-01-04,1
CT19-T2-025,CT19-T2-025-02,CT19-T2-025-02-01,0
CT19-T2-025,CT19-T2-025-02,CT19-T2-025-02-02,1
CT19-T2-025,CT19-T2-025-02,CT19-T2-025-02-04,1
CT19-T2-025,CT19-T2-025-02,CT19-T2-025-02-06,1
CT19-T2-025,CT19-T2-025-02,CT19-T2-025-02-07,1
CT19-T2-025,CT19-T2-025-02,CT19-T2-025-02-09,1
CT19-T2-025,CT19-T2-025-03,CT19-T2-025-03-01,0
CT19-T2-025,CT19-T2-025-03,CT19-T2-025-03-02,0
CT19-T2-025,CT19-T2-025-03,CT19-T2-025-03-03,1
CT19-T2-025,CT19-T2-025-03,CT19-T2-025-03-04,0
CT19-T2-025,CT19-T2-025-03,CT19-T2-025-03-05,1
CT19-T2-025,CT19-T2-025-03,CT19-T2-025-03-06,1
CT19-T2-025,CT19-T2-025-03,CT19-T2-025-03-07,0
CT19-T2-025,CT19-T2-025-03,CT19-T2-025-03-08,1
CT19-T2-025,CT19-T2-025-03,CT19-T2-025-03-09,1
CT19-T2-025,CT19-T2-025-04,CT19-T2-025-04-01,0
CT19-T2-025,CT19-T2-025-04,CT19-T2-025-04-02,1
CT19-T2-025,CT19-T2-025-05,CT19-T2-025-05-01,1
CT19-T2-025,CT19-T2-025-05,CT19-T2-025-05-03,0
CT19-T2-025,CT19-T2-025-05,CT19-T2-025-05-04,1
CT19-T2-025,CT19-T2-025-05,CT19-T2-025-05-05,0
CT19-T2-025,CT19-T2-025-05,CT19-T2-025-05-06,1
CT19-T2-025,CT19-T2-025-05,CT19-T2-025-05-07,0
CT19-T2-025,CT19-T2-025-05,CT19-T2-025-05-08,1
CT19-T2-025,CT19-T2-025-06,CT19-T2-025-06-01,0
CT19-T2-025,CT19-T2-025-06,CT19-T2-025-06-02,1
CT19-T2-025,CT19-T2-025-06,CT19-T2-025-06-03,0
CT19-T2-025,CT19-T2-025-06,CT19-T2-025-06-04,1
CT19-T2-025,CT19-T2-025-06,CT19-T2-025-06-05,1
CT19-T2-025,CT19-T2-025-06,CT19-T2-025-06-06,0
CT19-T2-025,CT19-T2-025-06,CT19-T2-025-06-07,0
CT19-T2-025,CT19-T2-025-07,CT19-T2-025-07-01,1
CT19-T2-025,CT19-T2-025-07,CT19-T2-025-07-02,1
CT19-T2-025,CT19-T2-025-07,CT19-T2-025-07-03,1
CT19-T2-025,CT19-T2-025-07,CT19-T2-025-07-04,0
CT19-T2-025,CT19-T2-025-07,CT19-T2-025-07-05,1
CT19-T2-025,CT19-T2-025-07,CT19-T2-025-07-06,0
CT19-T2-025,CT19-T2-025-08,CT19-T2-025-08-01,0
CT19-T2-025,CT19-T2-025-08,CT19-T2-025-08-02,0
CT19-T2-025,CT19-T2-025-08,CT19-T2-025-08-03,0
CT19-T2-025,CT19-T2-025-08,CT19-T2-025-08-04,1
CT19-T2-025,CT19-T2-025-08,CT19-T2-025-08-05,1
CT19-T2-025,CT19-T2-025-08,CT19-T2-025-08-06,1
CT19-T2-025,CT19-T2-025-08,CT19-T2-025-08-07,0
CT19-T2-025,CT19-T2-025-08,CT19-T2-025-08-08,1
CT19-T2-025,CT19-T2-025-08,CT19-T2-025-08-09,1
CT19-T2-025,CT19-T2-025-09,CT19-T2-025-09-01,1
CT19-T2-025,CT19-T2-025-09,CT19-T2-025-09-02,0
CT19-T2-025,CT19-T2-025-09,CT19-T2-025-09-03,1
CT19-T2-025,CT19-T2-025-09,CT19-T2-025-09-04,1
CT19-T2-025,CT19-T2-025-09,CT19-T2-025-09-05,1
CT19-T2-025,CT19-T2-025-09,CT19-T2-025-09-06,1
CT19-T2-025,CT19-T2-025-09,CT19-T2-025-09-07,1
CT19-T2-025,CT19-T2-025-10,CT19-T2-025-10-01,1
CT19-T2-025,CT19-T2-025-10,CT19-T2-025-10-02,1
CT19-T2-025,CT19-T2-025-10,CT19-T2-025-10-04,1
CT19-T2-025,CT19-T2-025-10,CT19-T2-025-10-06,0
CT19-T2-025,CT19-T2-025-10,CT19-T2-025-10-07,1
CT19-T2-025,CT19-T2-025-11,CT19-T2-025-11-01,1
CT19-T2-025,CT19-T2-025-11,CT19-T2-025-11-02,0
CT19-T2-025,CT19-T2-025-12,CT19-T2-025-12-01,0
CT19-T2-025,CT19-T2-025-12,CT19-T2-025-12-02,0
CT19-T2-025,CT19-T2-025-12,CT19-T2-025-12-03,1
CT19-T2-025,CT19-T2-025-12,CT19-T2-025-12-04,0
CT19-T2-025,CT19-T2-025-12,CT19-T2-025-12-05,1
CT19-T2-025,CT19-T2-025-12,CT19-T2-025-12-06,1
CT19-T2-025,CT19-T2-025-12,CT19-T2-025-12-07,0
CT19-T2-025,CT19-T2-025-12,CT19-T2-025-12-08,1
CT19-T2-025,CT19-T2-025-12,CT19-T2-025-12-09,1
CT19-T2-025,CT19-T2-025-13,CT19-T2-025-13-01,1
CT19-T2-025,CT19-T2-025-13,CT19-T2-025-13-03,1
CT19-T2-025,CT19-T2-025-13,CT19-T2-025-13-05,0
CT19-T2-025,CT19-T2-025-13,CT19-T2-025-13-07,0
CT19-T2-025,CT19-T2-025-14,CT19-T2-025-14-01,1
CT19-T2-025,CT19-T2-025-14,CT19-T2-025-14-03,1
CT19-T2-025,CT19-T2-025-14,CT19-T2-025-14-05,0
CT19-T2-025,CT19-T2-025-15,CT19-T2-025-15-01,1
CT19-T2-025,CT19-T2-025-15,CT19-T2-025-15-02,1
CT19-T2-025,CT19-T2-025-15,CT19-T2-025-15-03,1
CT19-T2-025,CT19-T2-025-15,CT19-T2-025-15-04,0
CT19-T2-025,CT19-T2-025-15,CT19-T2-025-15-05,1
CT19-T2-025,CT19-T2-025-15,CT19-T2-025-15-06,0
CT19-T2-025,CT19-T2-025-17,CT19-T2-025-17-01,0
CT19-T2-025,CT19-T2-025-17,CT19-T2-025-17-02,1
CT19-T2-025,CT19-T2-025-17,CT19-T2-025-17-04,0
CT19-T2-025,CT19-T2-025-17,CT19-T2-025-17-06,1
CT19-T2-025,CT19-T2-025-18,CT19-T2-025-18-01,1
CT19-T2-025,CT19-T2-025-18,CT19-T2-025-18-02,1
CT19-T2-025,CT19-T2-025-18,CT19-T2-025-18-03,0
CT19-T2-025,CT19-T2-025-18,CT19-T2-025-18-04,1
CT19-T2-025,CT19-T2-025-18,CT19-T2-025-18-05,0
CT19-T2-025,CT19-T2-025-18,CT19-T2-025-18-06,1
CT19-T2-025,CT19-T2-025-18,CT19-T2-025-18-07,1
CT19-T2-025,CT19-T2-025-18,CT19-T2-025-18-08,1
CT19-T2-025,CT19-T2-025-18,CT19-T2-025-18-09,0
CT19-T2-025,CT19-T2-025-19,CT19-T2-025-19-01,1
CT19-T2-025,CT19-T2-025-19,CT19-T2-025-19-02,1
CT19-T2-025,CT19-T2-025-19,CT19-T2-025-19-03,1
CT19-T2-025,CT19-T2-025-19,CT19-T2-025-19-04,0
CT19-T2-025,CT19-T2-025-20,CT19-T2-025-20-01,1
CT19-T2-025,CT19-T2-025-20,CT19-T2-025-20-02,1
CT19-T2-025,CT19-T2-025-20,CT19-T2-025-20-03,1
CT19-T2-025,CT19-T2-025-20,CT19-T2-025-20-04,0
CT19-T2-025,CT19-T2-025-21,CT19-T2-025-21-01,0
CT19-T2-025,CT19-T2-025-21,CT19-T2-025-21-02,0
CT19-T2-025,CT19-T2-025-21,CT19-T2-025-21-03,0
CT19-T2-025,CT19-T2-025-21,CT19-T2-025-21-04,1
CT19-T2-025,CT19-T2-025-21,CT19-T2-025-21-05,0
CT19-T2-025,CT19-T2-025-21,CT19-T2-025-21-06,1
CT19-T2-025,CT19-T2-025-21,CT19-T2-025-21-07,0
CT19-T2-025,CT19-T2-025-21,CT19-T2-025-21-08,1
CT19-T2-025,CT19-T2-025-21,CT19-T2-025-21-09,0
CT19-T2-025,CT19-T2-025-22,CT19-T2-025-22-01,1
CT19-T2-025,CT19-T2-025-22,CT19-T2-025-22-02,1
CT19-T2-025,CT19-T2-025-22,CT19-T2-025-22-03,1
CT19-T2-025,CT19-T2-025-23,CT19-T2-025-23-01,0
CT19-T2-025,CT19-T2-025-23,CT19-T2-025-23-02,0
CT19-T2-025,CT19-T2-025-23,CT19-T2-025-23-04,0
CT19-T2-025,CT19-T2-025-23,CT19-T2-025-23-06,0
CT19-T2-025,CT19-T2-025-23,CT19-T2-025-23-09,1
CT19-T2-025,CT19-T2-025-23,CT19-T2-025-23-11,1
CT19-T2-025,CT19-T2-025-23,CT19-T2-025-23-12,1
CT19-T2-025,CT19-T2-025-23,CT19-T2-025-23-13,0
CT19-T2-025,CT19-T2-025-24,CT19-T2-025-24-01,0
CT19-T2-025,CT19-T2-025-24,CT19-T2-025-24-02,1
CT19-T2-025,CT19-T2-025-24,CT19-T2-025-24-03,0
CT19-T2-025,CT19-T2-025-24,CT19-T2-025-24-04,1
CT19-T2-025,CT19-T2-025-24,CT19-T2-025-24-05,1
CT19-T2-025,CT19-T2-025-24,CT19-T2-025-24-06,1
CT19-T2-025,CT19-T2-025-24,CT19-T2-025-24-07,0
CT19-T2-025,CT19-T2-025-25,CT19-T2-025-25-01,0
CT19-T2-025,CT19-T2-025-25,CT19-T2-025-25-03,0
CT19-T2-025,CT19-T2-025-25,CT19-T2-025-25-09,1
CT19-T2-025,CT19-T2-025-25,CT19-T2-025-25-10,1
CT19-T2-025,CT19-T2-025-28,CT19-T2-025-28-01,0
CT19-T2-025,CT19-T2-025-28,CT19-T2-025-28-02,0
CT19-T2-025,CT19-T2-025-28,CT19-T2-025-28-03,1
CT19-T2-025,CT19-T2-025-28,CT19-T2-025-28-04,0
CT19-T2-025,CT19-T2-025-28,CT19-T2-025-28-05,1
CT19-T2-025,CT19-T2-025-28,CT19-T2-025-28-06,0
CT19-T2-025,CT19-T2-025-29,CT19-T2-025-29-01,1
CT19-T2-025,CT19-T2-025-29,CT19-T2-025-29-03,0
CT19-T2-025,CT19-T2-025-29,CT19-T2-025-29-04,1
CT19-T2-025,CT19-T2-025-30,CT19-T2-025-30-01,1
CT19-T2-025,CT19-T2-025-30,CT19-T2-025-30-02,1
CT19-T2-025,CT19-T2-025-30,CT19-T2-025-30-04,0
CT19-T2-025,CT19-T2-025-31,CT19-T2-025-31-01,1
CT19-T2-025,CT19-T2-025-31,CT19-T2-025-31-02,1
CT19-T2-025,CT19-T2-025-32,CT19-T2-025-32-01,0
CT19-T2-025,CT19-T2-025-32,CT19-T2-025-32-02,0
CT19-T2-025,CT19-T2-025-32,CT19-T2-025-32-03,0
CT19-T2-025,CT19-T2-025-32,CT19-T2-025-32-04,1
CT19-T2-025,CT19-T2-025-32,CT19-T2-025-32-06,1
CT19-T2-025,CT19-T2-025-32,CT19-T2-025-32-07,0
CT19-T2-025,CT19-T2-025-33,CT19-T2-025-33-01,0
CT19-T2-025,CT19-T2-025-33,CT19-T2-025-33-02,1
CT19-T2-025,CT19-T2-025-33,CT19-T2-025-33-03,1
CT19-T2-025,CT19-T2-025-33,CT19-T2-025-33-04,1
CT19-T2-025,CT19-T2-025-33,CT19-T2-025-33-06,1
CT19-T2-025,CT19-T2-025-33,CT19-T2-025-33-08,0
CT19-T2-025,CT19-T2-025-33,CT19-T2-025-33-09,1
CT19-T2-025,CT19-T2-025-33,CT19-T2-025-33-10,0
CT19-T2-025,CT19-T2-025-33,CT19-T2-025-33-12,0
CT19-T2-025,CT19-T2-025-33,CT19-T2-025-33-17,1
CT19-T2-025,CT19-T2-025-34,CT19-T2-025-34-01,1
CT19-T2-025,CT19-T2-025-34,CT19-T2-025-34-03,0
CT19-T2-025,CT19-T2-025-34,CT19-T2-025-34-09,0
CT19-T2-025,CT19-T2-025-35,CT19-T2-025-35-01,0
CT19-T2-025,CT19-T2-025-35,CT19-T2-025-35-02,1
CT19-T2-025,CT19-T2-025-35,CT19-T2-025-35-03,1
CT19-T2-025,CT19-T2-025-36,CT19-T2-025-36-01,1
CT19-T2-025,CT19-T2-025-36,CT19-T2-025-36-02,1
CT19-T2-025,CT19-T2-025-36,CT19-T2-025-36-03,1
CT19-T2-025,CT19-T2-025-37,CT19-T2-025-37-01,1
CT19-T2-025,CT19-T2-025-37,CT19-T2-025-37-02,1
CT19-T2-025,CT19-T2-025-37,CT19-T2-025-37-04,1
CT19-T2-025,CT19-T2-025-37,CT19-T2-025-37-05,1
CT19-T2-025,CT19-T2-025-37,CT19-T2-025-37-06,1
CT19-T2-025,CT19-T2-025-37,CT19-T2-025-37-07,0
CT19-T2-025,CT19-T2-025-39,CT19-T2-025-39-01,1
CT19-T2-025,CT19-T2-025-39,CT19-T2-025-39-02,1
CT19-T2-025,CT19-T2-025-39,CT19-T2-025-39-04,1
CT19-T2-025,CT19-T2-025-39,CT19-T2-025-39-05,1
CT19-T2-025,CT19-T2-025-39,CT19-T2-025-39-06,1
CT19-T2-025,CT19-T2-025-39,CT19-T2-025-39-07,0
CT19-T2-025,CT19-T2-025-40,CT19-T2-025-40-01,1
CT19-T2-025,CT19-T2-025-40,CT19-T2-025-40-03,1
CT19-T2-025,CT19-T2-025-40,CT19-T2-025-40-05,1
CT19-T2-025,CT19-T2-025-40,CT19-T2-025-40-08,1
CT19-T2-025,CT19-T2-025-40,CT19-T2-025-40-10,0
CT19-T2-025,CT19-T2-025-40,CT19-T2-025-40-12,0
CT19-T2-025,CT19-T2-025-40,CT19-T2-025-40-15,0
CT19-T2-025,CT19-T2-025-40,CT19-T2-025-40-17,0
CT19-T2-025,CT19-T2-025-40,CT19-T2-025-40-20,1
CT19-T2-025,CT19-T2-025-41,CT19-T2-025-41-01,1
CT19-T2-025,CT19-T2-025-41,CT19-T2-025-41-03,1
CT19-T2-025,CT19-T2-025-41,CT19-T2-025-41-06,1
CT19-T2-025,CT19-T2-025-41,CT19-T2-025-41-07,0
CT19-T2-025,CT19-T2-025-42,CT19-T2-025-42-01,1
CT19-T2-025,CT19-T2-025-42,CT19-T2-025-42-02,0
CT19-T2-025,CT19-T2-025-42,CT19-T2-025-42-03,1
CT19-T2-025,CT19-T2-025-42,CT19-T2-025-42-04,0
CT19-T2-025,CT19-T2-025-42,CT19-T2-025-42-05,1
CT19-T2-025,CT19-T2-025-42,CT19-T2-025-42-06,0
CT19-T2-025,CT19-T2-025-42,CT19-T2-025-42-07,0
CT19-T2-025,CT19-T2-025-42,CT19-T2-025-42-08,1
CT19-T2-025,CT19-T2-025-43,CT19-T2-025-43-01,0
CT19-T2-025,CT19-T2-025-43,CT19-T2-025-43-02,1
CT19-T2-025,CT19-T2-025-43,CT19-T2-025-43-03,1
CT19-T2-025,CT19-T2-025-43,CT19-T2-025-43-04,1
CT19-T2-025,CT19-T2-025-44,CT19-T2-025-44-01,0
CT19-T2-025,CT19-T2-025-44,CT19-T2-025-44-02,1
CT19-T2-025,CT19-T2-025-44,CT19-T2-025-44-03,1
CT19-T2-025,CT19-T2-025-44,CT19-T2-025-44-04,0
CT19-T2-025,CT19-T2-025-45,CT19-T2-025-45-01,1
CT19-T2-025,CT19-T2-025-45,CT19-T2-025-45-02,1
CT19-T2-025,CT19-T2-025-45,CT19-T2-025-45-03,1
CT19-T2-025,CT19-T2-025-46,CT19-T2-025-46-01,0
CT19-T2-025,CT19-T2-025-46,CT19-T2-025-46-02,1
CT19-T2-025,CT19-T2-025-46,CT19-T2-025-46-03,0
CT19-T2-025,CT19-T2-025-46,CT19-T2-025-46-04,0
CT19-T2-025,CT19-T2-025-47,CT19-T2-025-47-01,1
CT19-T2-025,CT19-T2-025-47,CT19-T2-025-47-02,1
CT19-T2-025,CT19-T2-025-48,CT19-T2-025-48-01,1
CT19-T2-025,CT19-T2-025-48,CT19-T2-025-48-02,1
CT19-T2-025,CT19-T2-025-48,CT19-T2-025-48-03,1
CT19-T2-025,CT19-T2-025-49,CT19-T2-025-49-01,1
CT19-T2-025,CT19-T2-025-49,CT19-T2-025-49-02,1
CT19-T2-025,CT19-T2-025-49,CT19-T2-025-49-03,1
CT19-T2-025,CT19-T2-025-49,CT19-T2-025-49-04,1
CT19-T2-026,CT19-T2-026-08,CT19-T2-026-08-01,1
CT19-T2-026,CT19-T2-026-08,CT19-T2-026-08-02,1
CT19-T2-026,CT19-T2-026-08,CT19-T2-026-08-03,1
CT19-T2-026,CT19-T2-026-08,CT19-T2-026-08-04,1
CT19-T2-026,CT19-T2-026-08,CT19-T2-026-08-05,1
CT19-T2-026,CT19-T2-026-08,CT19-T2-026-08-06,1
CT19-T2-026,CT19-T2-026-08,CT19-T2-026-08-07,1
CT19-T2-026,CT19-T2-026-08,CT19-T2-026-08-08,0
CT19-T2-026,CT19-T2-026-08,CT19-T2-026-08-09,1
CT19-T2-026,CT19-T2-026-08,CT19-T2-026-08-10,0
CT19-T2-026,CT19-T2-026-08,CT19-T2-026-08-11,0
CT19-T2-026,CT19-T2-026-09,CT19-T2-026-09-01,0
CT19-T2-026,CT19-T2-026-09,CT19-T2-026-09-02,0
CT19-T2-026,CT19-T2-026-09,CT19-T2-026-09-03,0
CT19-T2-026,CT19-T2-026-09,CT19-T2-026-09-04,0
CT19-T2-026,CT19-T2-026-09,CT19-T2-026-09-05,0
CT19-T2-026,CT19-T2-026-09,CT19-T2-026-09-06,1
CT19-T2-026,CT19-T2-026-09,CT19-T2-026-09-07,1
CT19-T2-026,CT19-T2-026-09,CT19-T2-026-09-08,1
CT19-T2-026,CT19-T2-026-48,CT19-T2-026-48-01,0
CT19-T2-026,CT19-T2-026-48,CT19-T2-026-48-02,0
CT19-T2-026,CT19-T2-026-48,CT19-T2-026-48-03,0
CT19-T2-026,CT19-T2-026-48,CT19-T2-026-48-04,0
CT19-T2-026,CT19-T2-026-48,CT19-T2-026-48-05,0
CT19-T2-026,CT19-T2-026-48,CT19-T2-026-48-06,0
CT19-T2-026,CT19-T2-026-48,CT19-T2-026-48-07,0
CT19-T2-026,CT19-T2-026-48,CT19-T2-026-48-08,0
CT19-T2-026,CT19-T2-026-48,CT19-T2-026-48-09,0
CT19-T2-026,CT19-T2-026-48,CT19-T2-026-48-10,0
CT19-T2-026,CT19-T2-026-48,CT19-T2-026-48-11,0
CT19-T2-026,CT19-T2-026-48,CT19-T2-026-48-12,0
CT19-T2-026,CT19-T2-026-48,CT19-T2-026-48-13,0
CT19-T2-026,CT19-T2-026-48,CT19-T2-026-48-14,0
CT19-T2-026,CT19-T2-026-48,CT19-T2-026-48-15,0
CT19-T2-026,CT19-T2-026-48,CT19-T2-026-48-16,0
CT19-T2-026,CT19-T2-026-48,CT19-T2-026-48-17,0
CT19-T2-026,CT19-T2-026-48,CT19-T2-026-48-18,0
CT19-T2-026,CT19-T2-026-48,CT19-T2-026-48-19,0
CT19-T2-026,CT19-T2-026-48,CT19-T2-026-48-20,0
CT19-T2-026,CT19-T2-026-48,CT19-T2-026-48-21,0
CT19-T2-026,CT19-T2-026-48,CT19-T2-026-48-22,0
CT19-T2-026,CT19-T2-026-48,CT19-T2-026-48-23,0
CT19-T2-026,CT19-T2-026-48,CT19-T2-026-48-24,0
CT19-T2-026,CT19-T2-026-48,CT19-T2-026-48-25,0
CT19-T2-026,CT19-T2-026-48,CT19-T2-026-48-26,0
CT19-T2-026,CT19-T2-026-48,CT19-T2-026-48-27,0
CT19-T2-026,CT19-T2-026-48,CT19-T2-026-48-28,0
CT19-T2-026,CT19-T2-026-48,CT19-T2-026-48-29,0
CT19-T2-026,CT19-T2-026-48,CT19-T2-026-48-30,0
CT19-T2-026,CT19-T2-026-48,CT19-T2-026-48-31,0
CT19-T2-026,CT19-T2-026-48,CT19-T2-026-48-32,0
CT19-T2-026,CT19-T2-026-48,CT19-T2-026-48-33,0
CT19-T2-026,CT19-T2-026-48,CT19-T2-026-48-34,1
CT19-T2-026,CT19-T2-026-48,CT19-T2-026-48-35,0
CT19-T2-026,CT19-T2-026-48,CT19-T2-026-48-36,1
CT19-T2-026,CT19-T2-026-48,CT19-T2-026-48-37,1
CT19-T2-026,CT19-T2-026-48,CT19-T2-026-48-38,1
CT19-T2-026,CT19-T2-026-48,CT19-T2-026-48-39,1
CT19-T2-026,CT19-T2-026-48,CT19-T2-026-48-40,1
CT19-T2-026,CT19-T2-026-48,CT19-T2-026-48-41,1
CT19-T2-026,CT19-T2-026-48,CT19-T2-026-48-42,0
CT19-T2-026,CT19-T2-026-48,CT19-T2-026-48-43,1
CT19-T2-026,CT19-T2-026-48,CT19-T2-026-48-44,0
CT19-T2-026,CT19-T2-026-48,CT19-T2-026-48-45,0
CT19-T2-026,CT19-T2-026-48,CT19-T2-026-48-46,0
CT19-T2-026,CT19-T2-026-48,CT19-T2-026-48-47,0
CT19-T2-026,CT19-T2-026-48,CT19-T2-026-48-48,1
CT19-T2-026,CT19-T2-026-48,CT19-T2-026-48-49,0
CT19-T2-026,CT19-T2-026-48,CT19-T2-026-48-50,0
CT19-T2-026,CT19-T2-026-48,CT19-T2-026-48-51,0
CT19-T2-026,CT19-T2-026-48,CT19-T2-026-48-52,0
CT19-T2-027,CT19-T2-027-07,CT19-T2-027-07-01,1
CT19-T2-027,CT19-T2-027-07,CT19-T2-027-07-02,0
CT19-T2-027,CT19-T2-027-07,CT19-T2-027-07-03,0
CT19-T2-027,CT19-T2-027-07,CT19-T2-027-07-04,1
CT19-T2-027,CT19-T2-027-07,CT19-T2-027-07-05,0
CT19-T2-027,CT19-T2-027-09,CT19-T2-027-09-01,1
CT19-T2-027,CT19-T2-027-09,CT19-T2-027-09-02,1
CT19-T2-027,CT19-T2-027-16,CT19-T2-027-16-01,1
CT19-T2-027,CT19-T2-027-16,CT19-T2-027-16-02,0
CT19-T2-027,CT19-T2-027-16,CT19-T2-027-16-03,0
CT19-T2-027,CT19-T2-027-16,CT19-T2-027-16-04,1
CT19-T2-027,CT19-T2-027-16,CT19-T2-027-16-05,0
CT19-T2-027,CT19-T2-027-17,CT19-T2-027-17-01,0
CT19-T2-027,CT19-T2-027-17,CT19-T2-027-17-02,1
CT19-T2-027,CT19-T2-027-17,CT19-T2-027-17-03,0
CT19-T2-027,CT19-T2-027-17,CT19-T2-027-17-04,1
CT19-T2-027,CT19-T2-027-17,CT19-T2-027-17-05,0
CT19-T2-027,CT19-T2-027-19,CT19-T2-027-19-01,1
CT19-T2-027,CT19-T2-027-19,CT19-T2-027-19-02,0
CT19-T2-027,CT19-T2-027-19,CT19-T2-027-19-03,0
CT19-T2-027,CT19-T2-027-19,CT19-T2-027-19-04,1
CT19-T2-027,CT19-T2-027-19,CT19-T2-027-19-05,0
CT19-T2-027,CT19-T2-027-24,CT19-T2-027-24-01,1
CT19-T2-027,CT19-T2-027-24,CT19-T2-027-24-02,1
CT19-T2-027,CT19-T2-027-24,CT19-T2-027-24-03,1
CT19-T2-028,CT19-T2-028-03,CT19-T2-028-03-02,0
CT19-T2-028,CT19-T2-028-03,CT19-T2-028-03-03,1
CT19-T2-028,CT19-T2-028-03,CT19-T2-028-03-04,1
CT19-T2-028,CT19-T2-028-03,CT19-T2-028-03-06,1
CT19-T2-028,CT19-T2-028-03,CT19-T2-028-03-08,0
CT19-T2-028,CT19-T2-028-03,CT19-T2-028-03-10,1
CT19-T2-028,CT19-T2-028-09,CT19-T2-028-09-01,1
CT19-T2-028,CT19-T2-028-09,CT19-T2-028-09-02,1
CT19-T2-028,CT19-T2-028-09,CT19-T2-028-09-03,0
CT19-T2-028,CT19-T2-028-09,CT19-T2-028-09-04,0
CT19-T2-028,CT19-T2-028-09,CT19-T2-028-09-05,0
CT19-T2-028,CT19-T2-028-09,CT19-T2-028-09-06,1
CT19-T2-028,CT19-T2-028-09,CT19-T2-028-09-07,1
CT19-T2-028,CT19-T2-028-09,CT19-T2-028-09-08,0
CT19-T2-028,CT19-T2-028-09,CT19-T2-028-09-09,0
CT19-T2-028,CT19-T2-028-09,CT19-T2-028-09-10,0
CT19-T2-028,CT19-T2-028-09,CT19-T2-028-09-11,0
CT19-T2-028,CT19-T2-028-24,CT19-T2-028-24-01,0
CT19-T2-028,CT19-T2-028-24,CT19-T2-028-24-02,0
CT19-T2-028,CT19-T2-028-24,CT19-T2-028-24-03,0
CT19-T2-028,CT19-T2-028-24,CT19-T2-028-24-04,0
CT19-T2-028,CT19-T2-028-24,CT19-T2-028-24-05,0
CT19-T2-028,CT19-T2-028-24,CT19-T2-028-24-06,1
CT19-T2-029,CT19-T2-029-01,CT19-T2-029-01-01,0
CT19-T2-029,CT19-T2-029-01,CT19-T2-029-01-02,0
CT19-T2-029,CT19-T2-029-01,CT19-T2-029-01-03,0
CT19-T2-029,CT19-T2-029-02,CT19-T2-029-02-01,0
CT19-T2-029,CT19-T2-029-02,CT19-T2-029-02-02,1
CT19-T2-029,CT19-T2-029-02,CT19-T2-029-02-03,0
CT19-T2-029,CT19-T2-029-03,CT19-T2-029-03-01,0
CT19-T2-029,CT19-T2-029-03,CT19-T2-029-03-02,0
CT19-T2-029,CT19-T2-029-03,CT19-T2-029-03-03,0
CT19-T2-029,CT19-T2-029-04,CT19-T2-029-04-01,1
CT19-T2-029,CT19-T2-029-04,CT19-T2-029-04-02,1
CT19-T2-029,CT19-T2-029-04,CT19-T2-029-04-03,0
CT19-T2-029,CT19-T2-029-04,CT19-T2-029-04-04,0
CT19-T2-029,CT19-T2-029-04,CT19-T2-029-04-05,0
CT19-T2-029,CT19-T2-029-05,CT19-T2-029-05-01,1
CT19-T2-029,CT19-T2-029-05,CT19-T2-029-05-02,1
CT19-T2-029,CT19-T2-029-05,CT19-T2-029-05-03,0
CT19-T2-029,CT19-T2-029-05,CT19-T2-029-05-04,1
CT19-T2-029,CT19-T2-029-05,CT19-T2-029-05-05,0
CT19-T2-029,CT19-T2-029-05,CT19-T2-029-05-06,0
CT19-T2-029,CT19-T2-029-06,CT19-T2-029-06-01,1
CT19-T2-029,CT19-T2-029-06,CT19-T2-029-06-02,0
CT19-T2-029,CT19-T2-029-06,CT19-T2-029-06-03,0
CT19-T2-029,CT19-T2-029-06,CT19-T2-029-06-04,0
CT19-T2-029,CT19-T2-029-06,CT19-T2-029-06-05,0
CT19-T2-029,CT19-T2-029-06,CT19-T2-029-06-06,1
CT19-T2-029,CT19-T2-029-06,CT19-T2-029-06-07,1
CT19-T2-029,CT19-T2-029-06,CT19-T2-029-06-08,1
CT19-T2-029,CT19-T2-029-06,CT19-T2-029-06-09,1
CT19-T2-029,CT19-T2-029-06,CT19-T2-029-06-10,1
CT19-T2-029,CT19-T2-029-06,CT19-T2-029-06-11,0
CT19-T2-029,CT19-T2-029-35,CT19-T2-029-35-01,1
CT19-T2-029,CT19-T2-029-36,CT19-T2-029-36-01,1
CT19-T2-030,CT19-T2-030-14,CT19-T2-030-14-01,1
CT19-T2-030,CT19-T2-030-14,CT19-T2-030-14-02,0
CT19-T2-030,CT19-T2-030-14,CT19-T2-030-14-03,0
CT19-T2-030,CT19-T2-030-14,CT19-T2-030-14-04,0
CT19-T2-030,CT19-T2-030-14,CT19-T2-030-14-05,0
CT19-T2-030,CT19-T2-030-14,CT19-T2-030-14-06,0
CT19-T2-031,CT19-T2-031-02,CT19-T2-031-02-01,0
CT19-T2-031,CT19-T2-031-02,CT19-T2-031-02-02,0
CT19-T2-031,CT19-T2-031-02,CT19-T2-031-02-03,0
CT19-T2-031,CT19-T2-031-02,CT19-T2-031-02-04,0
CT19-T2-031,CT19-T2-031-02,CT19-T2-031-02-05,0
CT19-T2-031,CT19-T2-031-02,CT19-T2-031-02-06,0
CT19-T2-031,CT19-T2-031-02,CT19-T2-031-02-07,0
CT19-T2-033,CT19-T2-033-01,CT19-T2-033-01-02,0
CT19-T2-033,CT19-T2-033-01,CT19-T2-033-01-03,1
CT19-T2-033,CT19-T2-033-01,CT19-T2-033-01-04,0
CT19-T2-033,CT19-T2-033-01,CT19-T2-033-01-05,1
CT19-T2-033,CT19-T2-033-01,CT19-T2-033-01-06,0
CT19-T2-033,CT19-T2-033-01,CT19-T2-033-01-07,0
CT19-T2-033,CT19-T2-033-01,CT19-T2-033-01-08,0
CT19-T2-033,CT19-T2-033-01,CT19-T2-033-01-09,0
CT19-T2-033,CT19-T2-033-01,CT19-T2-033-01-10,0
CT19-T2-033,CT19-T2-033-01,CT19-T2-033-01-11,0
CT19-T2-033,CT19-T2-033-02,CT19-T2-033-02-02,1
CT19-T2-033,CT19-T2-033-02,CT19-T2-033-02-03,1
CT19-T2-033,CT19-T2-033-02,CT19-T2-033-02-04,1
CT19-T2-033,CT19-T2-033-02,CT19-T2-033-02-05,0
CT19-T2-033,CT19-T2-033-02,CT19-T2-033-02-06,1
CT19-T2-033,CT19-T2-033-02,CT19-T2-033-02-07,1
CT19-T2-033,CT19-T2-033-02,CT19-T2-033-02-08,1
CT19-T2-033,CT19-T2-033-03,CT19-T2-033-03-01,0
CT19-T2-033,CT19-T2-033-03,CT19-T2-033-03-02,1
CT19-T2-033,CT19-T2-033-03,CT19-T2-033-03-03,0
CT19-T2-033,CT19-T2-033-04,CT19-T2-033-04-01,0
CT19-T2-033,CT19-T2-033-04,CT19-T2-033-04-02,1
CT19-T2-033,CT19-T2-033-04,CT19-T2-033-04-03,0
CT19-T2-033,CT19-T2-033-04,CT19-T2-033-04-04,1
CT19-T2-033,CT19-T2-033-04,CT19-T2-033-04-05,0
CT19-T2-034,CT19-T2-034-02,CT19-T2-034-02-01,0
CT19-T2-034,CT19-T2-034-02,CT19-T2-034-02-02,0
CT19-T2-034,CT19-T2-034-02,CT19-T2-034-02-03,1
CT19-T2-034,CT19-T2-034-02,CT19-T2-034-02-04,1
CT19-T2-036,CT19-T2-036-02,CT19-T2-036-02-02,0
CT19-T2-036,CT19-T2-036-02,CT19-T2-036-02-04,1
CT19-T2-036,CT19-T2-036-02,CT19-T2-036-02-05,1
CT19-T2-036,CT19-T2-036-02,CT19-T2-036-02-07,0
CT19-T2-036,CT19-T2-036-02,CT19-T2-036-02-08,0
CT19-T2-036,CT19-T2-036-03,CT19-T2-036-03-01,0
CT19-T2-036,CT19-T2-036-03,CT19-T2-036-03-02,1
CT19-T2-036,CT19-T2-036-03,CT19-T2-036-03-04,0
CT19-T2-036,CT19-T2-036-03,CT19-T2-036-03-05,0
CT19-T2-036,CT19-T2-036-03,CT19-T2-036-03-08,0
CT19-T2-036,CT19-T2-036-03,CT19-T2-036-03-10,0
CT19-T2-036,CT19-T2-036-03,CT19-T2-036-03-11,0
CT19-T2-036,CT19-T2-036-03,CT19-T2-036-03-12,0
CT19-T2-036,CT19-T2-036-05,CT19-T2-036-05-02,0
CT19-T2-036,CT19-T2-036-05,CT19-T2-036-05-03,0
CT19-T2-036,CT19-T2-036-05,CT19-T2-036-05-06,0
CT19-T2-036,CT19-T2-036-05,CT19-T2-036-05-08,0
CT19-T2-036,CT19-T2-036-05,CT19-T2-036-05-09,0
CT19-T2-036,CT19-T2-036-05,CT19-T2-036-05-12,1
CT19-T2-036,CT19-T2-036-05,CT19-T2-036-05-13,0
CT19-T2-036,CT19-T2-036-05,CT19-T2-036-05-14,1
CT19-T2-036,CT19-T2-036-05,CT19-T2-036-05-17,0
CT19-T2-036,CT19-T2-036-07,CT19-T2-036-07-01,0
CT19-T2-036,CT19-T2-036-07,CT19-T2-036-07-03,0
CT19-T2-036,CT19-T2-036-07,CT19-T2-036-07-04,0
CT19-T2-036,CT19-T2-036-07,CT19-T2-036-07-07,1
CT19-T2-036,CT19-T2-036-07,CT19-T2-036-07-08,0
CT19-T2-036,CT19-T2-036-07,CT19-T2-036-07-11,0
CT19-T2-036,CT19-T2-036-08,CT19-T2-036-08-01,0
CT19-T2-036,CT19-T2-036-08,CT19-T2-036-08-02,0
CT19-T2-036,CT19-T2-036-08,CT19-T2-036-08-04,0
CT19-T2-036,CT19-T2-036-08,CT19-T2-036-08-06,0
CT19-T2-036,CT19-T2-036-11,CT19-T2-036-11-02,0
CT19-T2-036,CT19-T2-036-11,CT19-T2-036-11-04,0
CT19-T2-036,CT19-T2-036-11,CT19-T2-036-11-06,0
CT19-T2-036,CT19-T2-036-11,CT19-T2-036-11-08,0
CT19-T2-036,CT19-T2-036-11,CT19-T2-036-11-10,0
CT19-T2-036,CT19-T2-036-11,CT19-T2-036-11-12,0
CT19-T2-036,CT19-T2-036-11,CT19-T2-036-11-14,0
CT19-T2-036,CT19-T2-036-11,CT19-T2-036-11-15,0
CT19-T2-036,CT19-T2-036-11,CT19-T2-036-11-17,0
CT19-T2-036,CT19-T2-036-11,CT19-T2-036-11-19,0
CT19-T2-036,CT19-T2-036-11,CT19-T2-036-11-21,0
CT19-T2-036,CT19-T2-036-11,CT19-T2-036-11-23,0
CT19-T2-036,CT19-T2-036-11,CT19-T2-036-11-25,0
CT19-T2-036,CT19-T2-036-11,CT19-T2-036-11-26,0
CT19-T2-036,CT19-T2-036-11,CT19-T2-036-11-28,0
CT19-T2-036,CT19-T2-036-11,CT19-T2-036-11-30,0
CT19-T2-036,CT19-T2-036-11,CT19-T2-036-11-32,0
CT19-T2-036,CT19-T2-036-11,CT19-T2-036-11-33,0
CT19-T2-036,CT19-T2-036-11,CT19-T2-036-11-34,0
CT19-T2-036,CT19-T2-036-11,CT19-T2-036-11-36,0
CT19-T2-036,CT19-T2-036-15,CT19-T2-036-15-02,0
CT19-T2-036,CT19-T2-036-15,CT19-T2-036-15-03,1
CT19-T2-036,CT19-T2-036-15,CT19-T2-036-15-04,0
CT19-T2-036,CT19-T2-036-15,CT19-T2-036-15-05,0
CT19-T2-036,CT19-T2-036-15,CT19-T2-036-15-06,0
CT19-T2-036,CT19-T2-036-15,CT19-T2-036-15-07,0
CT19-T2-036,CT19-T2-036-15,CT19-T2-036-15-08,0
CT19-T2-036,CT19-T2-036-18,CT19-T2-036-18-02,0
CT19-T2-036,CT19-T2-036-18,CT19-T2-036-18-03,0
CT19-T2-036,CT19-T2-036-19,CT19-T2-036-19-01,0
CT19-T2-036,CT19-T2-036-19,CT19-T2-036-19-03,0
CT19-T2-036,CT19-T2-036-22,CT19-T2-036-22-02,0
CT19-T2-036,CT19-T2-036-22,CT19-T2-036-22-03,1
CT19-T2-036,CT19-T2-036-22,CT19-T2-036-22-05,0
CT19-T2-036,CT19-T2-036-22,CT19-T2-036-22-06,1
CT19-T2-036,CT19-T2-036-23,CT19-T2-036-23-02,0
CT19-T2-036,CT19-T2-036-23,CT19-T2-036-23-04,0
CT19-T2-036,CT19-T2-036-23,CT19-T2-036-23-08,0
CT19-T2-036,CT19-T2-036-23,CT19-T2-036-23-09,0
CT19-T2-036,CT19-T2-036-29,CT19-T2-036-29-01,0
CT19-T2-036,CT19-T2-036-29,CT19-T2-036-29-02,0
CT19-T2-036,CT19-T2-036-29,CT19-T2-036-29-04,0
CT19-T2-036,CT19-T2-036-30,CT19-T2-036-30-02,0
CT19-T2-036,CT19-T2-036-30,CT19-T2-036-30-03,0
CT19-T2-036,CT19-T2-036-30,CT19-T2-036-30-04,0
CT19-T2-036,CT19-T2-036-35,CT19-T2-036-35-02,0
CT19-T2-036,CT19-T2-036-35,CT19-T2-036-35-03,0
CT19-T2-036,CT19-T2-036-35,CT19-T2-036-35-04,0
CT19-T2-036,CT19-T2-036-35,CT19-T2-036-35-05,0
CT19-T2-036,CT19-T2-036-35,CT19-T2-036-35-06,0
CT19-T2-036,CT19-T2-036-39,CT19-T2-036-39-01,0
CT19-T2-036,CT19-T2-036-39,CT19-T2-036-39-02,0
CT19-T2-036,CT19-T2-036-39,CT19-T2-036-39-03,0
CT19-T2-036,CT19-T2-036-39,CT19-T2-036-39-04,0
CT19-T2-036,CT19-T2-036-39,CT19-T2-036-39-05,0
CT19-T2-036,CT19-T2-036-39,CT19-T2-036-39-06,0
CT19-T2-036,CT19-T2-036-40,CT19-T2-036-40-01,0
CT19-T2-036,CT19-T2-036-40,CT19-T2-036-40-02,0
CT19-T2-036,CT19-T2-036-40,CT19-T2-036-40-03,0
CT19-T2-036,CT19-T2-036-40,CT19-T2-036-40-04,0
CT19-T2-036,CT19-T2-036-40,CT19-T2-036-40-05,0
CT19-T2-036,CT19-T2-036-40,CT19-T2-036-40-06,0
CT19-T2-037,CT19-T2-037-02,CT19-T2-037-02-01,0
CT19-T2-037,CT19-T2-037-02,CT19-T2-037-02-02,0
CT19-T2-037,CT19-T2-037-02,CT19-T2-037-02-03,0
CT19-T2-037,CT19-T2-037-03,CT19-T2-037-03-01,1
CT19-T2-037,CT19-T2-037-03,CT19-T2-037-03-02,0
CT19-T2-037,CT19-T2-037-03,CT19-T2-037-03-03,0
CT19-T2-037,CT19-T2-037-03,CT19-T2-037-03-04,0
CT19-T2-037,CT19-T2-037-03,CT19-T2-037-03-05,1
CT19-T2-037,CT19-T2-037-03,CT19-T2-037-03-06,0
CT19-T2-037,CT19-T2-037-03,CT19-T2-037-03-07,1
CT19-T2-037,CT19-T2-037-04,CT19-T2-037-04-01,1
CT19-T2-037,CT19-T2-037-04,CT19-T2-037-04-02,0
CT19-T2-037,CT19-T2-037-04,CT19-T2-037-04-03,1
CT19-T2-037,CT19-T2-037-04,CT19-T2-037-04-04,0
CT19-T2-037,CT19-T2-037-04,CT19-T2-037-04-05,0
CT19-T2-037,CT19-T2-037-04,CT19-T2-037-04-06,0
CT19-T2-037,CT19-T2-037-07,CT19-T2-037-07-01,1
CT19-T2-037,CT19-T2-037-07,CT19-T2-037-07-02,1
CT19-T2-037,CT19-T2-037-07,CT19-T2-037-07-03,1
CT19-T2-037,CT19-T2-037-07,CT19-T2-037-07-04,0
CT19-T2-037,CT19-T2-037-10,CT19-T2-037-10-01,0
CT19-T2-037,CT19-T2-037-10,CT19-T2-037-10-02,0
CT19-T2-037,CT19-T2-037-10,CT19-T2-037-10-03,0
CT19-T2-037,CT19-T2-037-13,CT19-T2-037-13-01,1
CT19-T2-037,CT19-T2-037-13,CT19-T2-037-13-02,1
CT19-T2-037,CT19-T2-037-13,CT19-T2-037-13-03,0
CT19-T2-037,CT19-T2-037-13,CT19-T2-037-13-04,1
CT19-T2-037,CT19-T2-037-13,CT19-T2-037-13-05,0
CT19-T2-037,CT19-T2-037-14,CT19-T2-037-14-01,1
CT19-T2-037,CT19-T2-037-14,CT19-T2-037-14-02,1
CT19-T2-037,CT19-T2-037-14,CT19-T2-037-14-03,1
CT19-T2-037,CT19-T2-037-14,CT19-T2-037-14-04,1
CT19-T2-037,CT19-T2-037-14,CT19-T2-037-14-05,1
CT19-T2-037,CT19-T2-037-17,CT19-T2-037-17-01,0
CT19-T2-037,CT19-T2-037-17,CT19-T2-037-17-02,0
CT19-T2-037,CT19-T2-037-17,CT19-T2-037-17-03,1
CT19-T2-037,CT19-T2-037-17,CT19-T2-037-17-04,1
CT19-T2-037,CT19-T2-037-17,CT19-T2-037-17-05,0
CT19-T2-037,CT19-T2-037-17,CT19-T2-037-17-06,0
CT19-T2-037,CT19-T2-037-18,CT19-T2-037-18-01,1
CT19-T2-037,CT19-T2-037-18,CT19-T2-037-18-02,1
CT19-T2-037,CT19-T2-037-18,CT19-T2-037-18-03,0
CT19-T2-037,CT19-T2-037-19,CT19-T2-037-19-01,0
CT19-T2-037,CT19-T2-037-19,CT19-T2-037-19-02,0
CT19-T2-037,CT19-T2-037-19,CT19-T2-037-19-03,0
CT19-T2-037,CT19-T2-037-19,CT19-T2-037-19-04,0
CT19-T2-037,CT19-T2-037-19,CT19-T2-037-19-05,1
CT19-T2-037,CT19-T2-037-20,CT19-T2-037-20-01,0
CT19-T2-037,CT19-T2-037-20,CT19-T2-037-20-02,1
CT19-T2-037,CT19-T2-037-20,CT19-T2-037-20-03,1
CT19-T2-037,CT19-T2-037-20,CT19-T2-037-20-04,0
CT19-T2-037,CT19-T2-037-20,CT19-T2-037-20-05,0
CT19-T2-037,CT19-T2-037-25,CT19-T2-037-25-01,0
CT19-T2-037,CT19-T2-037-25,CT19-T2-037-25-02,0
CT19-T2-037,CT19-T2-037-25,CT19-T2-037-25-03,0
CT19-T2-037,CT19-T2-037-25,CT19-T2-037-25-04,0
CT19-T2-037,CT19-T2-037-25,CT19-T2-037-25-05,0
CT19-T2-037,CT19-T2-037-25,CT19-T2-037-25-06,0
CT19-T2-037,CT19-T2-037-25,CT19-T2-037-25-07,0
CT19-T2-037,CT19-T2-037-29,CT19-T2-037-29-01,0
CT19-T2-037,CT19-T2-037-29,CT19-T2-037-29-02,0
CT19-T2-037,CT19-T2-037-29,CT19-T2-037-29-03,0
CT19-T2-037,CT19-T2-037-29,CT19-T2-037-29-04,0
CT19-T2-037,CT19-T2-037-29,CT19-T2-037-29-05,1
CT19-T2-037,CT19-T2-037-32,CT19-T2-037-32-01,0
CT19-T2-037,CT19-T2-037-32,CT19-T2-037-32-02,0
CT19-T2-037,CT19-T2-037-32,CT19-T2-037-32-03,0
CT19-T2-037,CT19-T2-037-34,CT19-T2-037-34-01,0
CT19-T2-037,CT19-T2-037-34,CT19-T2-037-34-02,0
CT19-T2-037,CT19-T2-037-34,CT19-T2-037-34-03,0
CT19-T2-037,CT19-T2-037-34,CT19-T2-037-34-04,0
CT19-T2-037,CT19-T2-037-34,CT19-T2-037-34-05,1
CT19-T2-037,CT19-T2-037-34,CT19-T2-037-34-06,0
CT19-T2-037,CT19-T2-037-37,CT19-T2-037-37-01,0
CT19-T2-037,CT19-T2-037-37,CT19-T2-037-37-02,0
CT19-T2-037,CT19-T2-037-37,CT19-T2-037-37-03,0
CT19-T2-037,CT19-T2-037-37,CT19-T2-037-37-04,0
CT19-T2-037,CT19-T2-037-38,CT19-T2-037-38-01,0
CT19-T2-037,CT19-T2-037-38,CT19-T2-037-38-02,0
CT19-T2-037,CT19-T2-037-38,CT19-T2-037-38-03,0
CT19-T2-037,CT19-T2-037-38,CT19-T2-037-38-04,0
CT19-T2-037,CT19-T2-037-38,CT19-T2-037-38-05,0
CT19-T2-037,CT19-T2-037-39,CT19-T2-037-39-01,0
CT19-T2-037,CT19-T2-037-39,CT19-T2-037-39-02,0
CT19-T2-037,CT19-T2-037-40,CT19-T2-037-40-01,0
CT19-T2-037,CT19-T2-037-40,CT19-T2-037-40-02,0
CT19-T2-037,CT19-T2-037-40,CT19-T2-037-40-03,0
CT19-T2-037,CT19-T2-037-40,CT19-T2-037-40-04,0
CT19-T2-037,CT19-T2-037-42,CT19-T2-037-42-01,0
CT19-T2-037,CT19-T2-037-42,CT19-T2-037-42-02,0
CT19-T2-037,CT19-T2-037-42,CT19-T2-037-42-03,0
CT19-T2-037,CT19-T2-037-45,CT19-T2-037-45-01,0
CT19-T2-037,CT19-T2-037-45,CT19-T2-037-45-02,0
CT19-T2-037,CT19-T2-037-45,CT19-T2-037-45-03,0
CT19-T2-037,CT19-T2-037-45,CT19-T2-037-45-04,0
CT19-T2-037,CT19-T2-037-50,CT19-T2-037-50-01,0
CT19-T2-037,CT19-T2-037-50,CT19-T2-037-50-02,0
CT19-T2-037,CT19-T2-037-52,CT19-T2-037-52-01,0
CT19-T2-037,CT19-T2-037-52,CT19-T2-037-52-02,0
CT19-T2-037,CT19-T2-037-52,CT19-T2-037-52-03,0
CT19-T2-037,CT19-T2-037-53,CT19-T2-037-53-01,0
CT19-T2-037,CT19-T2-037-53,CT19-T2-037-53-02,0
CT19-T2-039,CT19-T2-039-01,CT19-T2-039-01-01,0
CT19-T2-039,CT19-T2-039-01,CT19-T2-039-01-02,1
CT19-T2-039,CT19-T2-039-01,CT19-T2-039-01-03,1
CT19-T2-039,CT19-T2-039-02,CT19-T2-039-02-01,1
CT19-T2-039,CT19-T2-039-02,CT19-T2-039-02-03,1
CT19-T2-039,CT19-T2-039-02,CT19-T2-039-02-04,1
CT19-T2-039,CT19-T2-039-03,CT19-T2-039-03-01,0
CT19-T2-039,CT19-T2-039-03,CT19-T2-039-03-02,1
CT19-T2-039,CT19-T2-039-03,CT19-T2-039-03-03,1
CT19-T2-039,CT19-T2-039-03,CT19-T2-039-03-04,1
CT19-T2-039,CT19-T2-039-04,CT19-T2-039-04-01,1
CT19-T2-039,CT19-T2-039-04,CT19-T2-039-04-02,1
CT19-T2-039,CT19-T2-039-04,CT19-T2-039-04-05,1
CT19-T2-039,CT19-T2-039-04,CT19-T2-039-04-06,1
CT19-T2-039,CT19-T2-039-05,CT19-T2-039-05-01,0
CT19-T2-039,CT19-T2-039-05,CT19-T2-039-05-02,1
CT19-T2-039,CT19-T2-039-05,CT19-T2-039-05-03,0
CT19-T2-039,CT19-T2-039-05,CT19-T2-039-05-04,0
CT19-T2-039,CT19-T2-039-05,CT19-T2-039-05-05,0
CT19-T2-039,CT19-T2-039-05,CT19-T2-039-05-06,1
CT19-T2-039,CT19-T2-039-06,CT19-T2-039-06-01,0
CT19-T2-039,CT19-T2-039-06,CT19-T2-039-06-02,0
CT19-T2-039,CT19-T2-039-06,CT19-T2-039-06-04,0
CT19-T2-039,CT19-T2-039-07,CT19-T2-039-07-01,0
CT19-T2-039,CT19-T2-039-07,CT19-T2-039-07-02,0
CT19-T2-039,CT19-T2-039-07,CT19-T2-039-07-03,0
CT19-T2-039,CT19-T2-039-07,CT19-T2-039-07-04,0
CT19-T2-039,CT19-T2-039-07,CT19-T2-039-07-05,0
CT19-T2-039,CT19-T2-039-07,CT19-T2-039-07-06,0
CT19-T2-039,CT19-T2-039-08,CT19-T2-039-08-01,0
CT19-T2-039,CT19-T2-039-08,CT19-T2-039-08-02,0
CT19-T2-039,CT19-T2-039-08,CT19-T2-039-08-03,0
CT19-T2-039,CT19-T2-039-08,CT19-T2-039-08-04,0
CT19-T2-039,CT19-T2-039-09,CT19-T2-039-09-01,0
CT19-T2-039,CT19-T2-039-09,CT19-T2-039-09-02,0
CT19-T2-039,CT19-T2-039-09,CT19-T2-039-09-03,0
CT19-T2-039,CT19-T2-039-10,CT19-T2-039-10-01,0
CT19-T2-039,CT19-T2-039-10,CT19-T2-039-10-03,1
CT19-T2-039,CT19-T2-039-13,CT19-T2-039-13-01,0
CT19-T2-039,CT19-T2-039-13,CT19-T2-039-13-02,1
CT19-T2-039,CT19-T2-039-14,CT19-T2-039-14-01,1
CT19-T2-039,CT19-T2-039-14,CT19-T2-039-14-02,1
CT19-T2-039,CT19-T2-039-15,CT19-T2-039-15-01,0
CT19-T2-039,CT19-T2-039-15,CT19-T2-039-15-02,0
CT19-T2-039,CT19-T2-039-15,CT19-T2-039-15-03,0
CT19-T2-039,CT19-T2-039-15,CT19-T2-039-15-04,1
CT19-T2-039,CT19-T2-039-15,CT19-T2-039-15-05,1
CT19-T2-039,CT19-T2-039-15,CT19-T2-039-15-06,1
CT19-T2-039,CT19-T2-039-16,CT19-T2-039-16-01,0
CT19-T2-039,CT19-T2-039-16,CT19-T2-039-16-02,0
CT19-T2-039,CT19-T2-039-17,CT19-T2-039-17-02,0
CT19-T2-039,CT19-T2-039-17,CT19-T2-039-17-03,1
CT19-T2-039,CT19-T2-039-17,CT19-T2-039-17-04,0
CT19-T2-039,CT19-T2-039-18,CT19-T2-039-18-01,0
CT19-T2-039,CT19-T2-039-18,CT19-T2-039-18-02,0
CT19-T2-039,CT19-T2-039-18,CT19-T2-039-18-04,0
CT19-T2-039,CT19-T2-039-18,CT19-T2-039-18-05,0
CT19-T2-039,CT19-T2-039-18,CT19-T2-039-18-06,0
CT19-T2-039,CT19-T2-039-18,CT19-T2-039-18-07,0
CT19-T2-039,CT19-T2-039-18,CT19-T2-039-18-08,1
CT19-T2-039,CT19-T2-039-18,CT19-T2-039-18-09,0
CT19-T2-039,CT19-T2-039-18,CT19-T2-039-18-10,0
CT19-T2-039,CT19-T2-039-18,CT19-T2-039-18-12,0
CT19-T2-039,CT19-T2-039-18,CT19-T2-039-18-13,0
CT19-T2-039,CT19-T2-039-19,CT19-T2-039-19-01,0
CT19-T2-039,CT19-T2-039-19,CT19-T2-039-19-02,0
CT19-T2-039,CT19-T2-039-19,CT19-T2-039-19-03,1
CT19-T2-039,CT19-T2-039-19,CT19-T2-039-19-04,0
CT19-T2-039,CT19-T2-039-19,CT19-T2-039-19-05,0
CT19-T2-039,CT19-T2-039-21,CT19-T2-039-21-02,0
CT19-T2-039,CT19-T2-039-21,CT19-T2-039-21-03,1
CT19-T2-039,CT19-T2-039-21,CT19-T2-039-21-04,0
CT19-T2-039,CT19-T2-039-22,CT19-T2-039-22-01,1
CT19-T2-039,CT19-T2-039-22,CT19-T2-039-22-02,0
CT19-T2-039,CT19-T2-039-23,CT19-T2-039-23-01,0
CT19-T2-039,CT19-T2-039-23,CT19-T2-039-23-02,0
CT19-T2-039,CT19-T2-039-23,CT19-T2-039-23-03,0
CT19-T2-039,CT19-T2-039-23,CT19-T2-039-23-04,0
CT19-T2-039,CT19-T2-039-23,CT19-T2-039-23-05,0
CT19-T2-039,CT19-T2-039-23,CT19-T2-039-23-06,0
CT19-T2-039,CT19-T2-039-25,CT19-T2-039-25-01,0
CT19-T2-039,CT19-T2-039-25,CT19-T2-039-25-02,1
CT19-T2-039,CT19-T2-039-25,CT19-T2-039-25-03,0
CT19-T2-039,CT19-T2-039-25,CT19-T2-039-25-04,0
CT19-T2-039,CT19-T2-039-26,CT19-T2-039-26-01,0
CT19-T2-039,CT19-T2-039-26,CT19-T2-039-26-03,0
CT19-T2-039,CT19-T2-039-26,CT19-T2-039-26-04,0
CT19-T2-039,CT19-T2-039-26,CT19-T2-039-26-05,0
CT19-T2-039,CT19-T2-039-26,CT19-T2-039-26-06,0
CT19-T2-039,CT19-T2-039-27,CT19-T2-039-27-01,0
CT19-T2-039,CT19-T2-039-27,CT19-T2-039-27-02,0
CT19-T2-039,CT19-T2-039-27,CT19-T2-039-27-03,0
CT19-T2-039,CT19-T2-039-29,CT19-T2-039-29-02,0
CT19-T2-039,CT19-T2-039-29,CT19-T2-039-29-03,0
CT19-T2-039,CT19-T2-039-29,CT19-T2-039-29-04,0
CT19-T2-039,CT19-T2-039-29,CT19-T2-039-29-05,0
CT19-T2-039,CT19-T2-039-31,CT19-T2-039-31-01,0
CT19-T2-039,CT19-T2-039-31,CT19-T2-039-31-02,0
CT19-T2-039,CT19-T2-039-38,CT19-T2-039-38-01,0
CT19-T2-039,CT19-T2-039-38,CT19-T2-039-38-02,0
CT19-T2-039,CT19-T2-039-40,CT19-T2-039-40-01,0
CT19-T2-039,CT19-T2-039-40,CT19-T2-039-40-02,0
CT19-T2-039,CT19-T2-039-41,CT19-T2-039-41-02,0
CT19-T2-039,CT19-T2-039-41,CT19-T2-039-41-03,0
CT19-T2-039,CT19-T2-039-41,CT19-T2-039-41-04,0
CT19-T2-039,CT19-T2-039-41,CT19-T2-039-41-05,0
CT19-T2-039,CT19-T2-039-41,CT19-T2-039-41-06,0
CT19-T2-039,CT19-T2-039-42,CT19-T2-039-42-01,1
CT19-T2-039,CT19-T2-039-42,CT19-T2-039-42-02,0
CT19-T2-039,CT19-T2-039-42,CT19-T2-039-42-03,0
CT19-T2-039,CT19-T2-039-42,CT19-T2-039-42-04,0
CT19-T2-039,CT19-T2-039-43,CT19-T2-039-43-01,0
CT19-T2-039,CT19-T2-039-43,CT19-T2-039-43-02,0
CT19-T2-039,CT19-T2-039-43,CT19-T2-039-43-03,0
CT19-T2-039,CT19-T2-039-44,CT19-T2-039-44-01,0
CT19-T2-039,CT19-T2-039-44,CT19-T2-039-44-02,0
CT19-T2-039,CT19-T2-039-44,CT19-T2-039-44-03,0
CT19-T2-039,CT19-T2-039-47,CT19-T2-039-47-01,0
CT19-T2-039,CT19-T2-039-47,CT19-T2-039-47-02,0
CT19-T2-039,CT19-T2-039-47,CT19-T2-039-47-03,0
CT19-T2-039,CT19-T2-039-47,CT19-T2-039-47-04,0
CT19-T2-039,CT19-T2-039-47,CT19-T2-039-47-05,0
CT19-T2-039,CT19-T2-039-49,CT19-T2-039-49-01,0
CT19-T2-039,CT19-T2-039-49,CT19-T2-039-49-02,0
CT19-T2-039,CT19-T2-039-49,CT19-T2-039-49-03,0
CT19-T2-039,CT19-T2-039-49,CT19-T2-039-49-04,0
CT19-T2-039,CT19-T2-039-49,CT19-T2-039-49-05,0
CT19-T2-039,CT19-T2-039-50,CT19-T2-039-50-02,0
CT19-T2-039,CT19-T2-039-50,CT19-T2-039-50-03,0
CT19-T2-039,CT19-T2-039-50,CT19-T2-039-50-04,0
CT19-T2-039,CT19-T2-039-50,CT19-T2-039-50-05,0
CT19-T2-039,CT19-T2-039-50,CT19-T2-039-50-06,0
CT19-T2-039,CT19-T2-039-50,CT19-T2-039-50-07,1
CT19-T2-039,CT19-T2-039-50,CT19-T2-039-50-08,0
CT19-T2-039,CT19-T2-039-50,CT19-T2-039-50-09,1
CT19-T2-039,CT19-T2-039-50,CT19-T2-039-50-10,0
CT19-T2-039,CT19-T2-039-50,CT19-T2-039-50-11,1
CT19-T2-040,CT19-T2-040-01,CT19-T2-040-01-01,1
CT19-T2-040,CT19-T2-040-01,CT19-T2-040-01-02,1
CT19-T2-040,CT19-T2-040-01,CT19-T2-040-01-03,0
CT19-T2-040,CT19-T2-040-03,CT19-T2-040-03-01,0
CT19-T2-040,CT19-T2-040-03,CT19-T2-040-03-02,1
CT19-T2-040,CT19-T2-040-04,CT19-T2-040-04-01,1
CT19-T2-040,CT19-T2-040-04,CT19-T2-040-04-02,1
CT19-T2-040,CT19-T2-040-07,CT19-T2-040-07-01,0
CT19-T2-040,CT19-T2-040-07,CT19-T2-040-07-02,1
CT19-T2-040,CT19-T2-040-10,CT19-T2-040-10-01,0
CT19-T2-040,CT19-T2-040-10,CT19-T2-040-10-02,1
CT19-T2-040,CT19-T2-040-10,CT19-T2-040-10-03,1
CT19-T2-041,CT19-T2-041-01,CT19-T2-041-01-01,1
CT19-T2-041,CT19-T2-041-01,CT19-T2-041-01-02,1
CT19-T2-041,CT19-T2-041-01,CT19-T2-041-01-03,1
CT19-T2-041,CT19-T2-041-01,CT19-T2-041-01-04,1
CT19-T2-041,CT19-T2-041-01,CT19-T2-041-01-05,1
CT19-T2-041,CT19-T2-041-04,CT19-T2-041-04-01,1
CT19-T2-041,CT19-T2-041-04,CT19-T2-041-04-02,1
CT19-T2-042,CT19-T2-042-02,CT19-T2-042-02-01,1
CT19-T2-042,CT19-T2-042-02,CT19-T2-042-02-02,1
CT19-T2-042,CT19-T2-042-02,CT19-T2-042-02-03,0
CT19-T2-042,CT19-T2-042-04,CT19-T2-042-04-02,1
CT19-T2-042,CT19-T2-042-04,CT19-T2-042-04-03,0
CT19-T2-042,CT19-T2-042-04,CT19-T2-042-04-04,0
CT19-T2-042,CT19-T2-042-07,CT19-T2-042-07-01,1
CT19-T2-042,CT19-T2-042-07,CT19-T2-042-07-02,0
CT19-T2-042,CT19-T2-042-08,CT19-T2-042-08-01,1
CT19-T2-042,CT19-T2-042-08,CT19-T2-042-08-02,1
CT19-T2-042,CT19-T2-042-11,CT19-T2-042-11-01,1
CT19-T2-042,CT19-T2-042-11,CT19-T2-042-11-02,1
CT19-T2-043,CT19-T2-043-06,CT19-T2-043-06-01,1
CT19-T2-043,CT19-T2-043-06,CT19-T2-043-06-02,1
CT19-T2-045,CT19-T2-045-04,CT19-T2-045-04-01,0
CT19-T2-045,CT19-T2-045-04,CT19-T2-045-04-02,0
CT19-T2-045,CT19-T2-045-04,CT19-T2-045-04-03,0
CT19-T2-045,CT19-T2-045-04,CT19-T2-045-04-04,1
CT19-T2-045,CT19-T2-045-11,CT19-T2-045-11-01,1
CT19-T2-045,CT19-T2-045-11,CT19-T2-045-11-02,0
CT19-T2-046,CT19-T2-046-01,CT19-T2-046-01-01,1
CT19-T2-046,CT19-T2-046-01,CT19-T2-046-01-02,1
CT19-T2-046,CT19-T2-046-03,CT19-T2-046-03-01,1
CT19-T2-046,CT19-T2-046-03,CT19-T2-046-03-02,1
CT19-T2-046,CT19-T2-046-04,CT19-T2-046-04-01,1
CT19-T2-046,CT19-T2-046-05,CT19-T2-046-05-01,1
CT19-T2-046,CT19-T2-046-05,CT19-T2-046-05-02,1
CT19-T2-046,CT19-T2-046-06,CT19-T2-046-06-01,1
CT19-T2-050,CT19-T2-050-01,CT19-T2-050-01-01,0
CT19-T2-050,CT19-T2-050-01,CT19-T2-050-01-02,1
CT19-T2-050,CT19-T2-050-02,CT19-T2-050-02-01,1
CT19-T2-050,CT19-T2-050-02,CT19-T2-050-02-02,1
CT19-T2-050,CT19-T2-050-03,CT19-T2-050-03-01,1
CT19-T2-050,CT19-T2-050-03,CT19-T2-050-03-02,1
CT19-T2-050,CT19-T2-050-13,CT19-T2-050-13-01,1
CT19-T2-050,CT19-T2-050-13,CT19-T2-050-13-02,1
CT19-T2-050,CT19-T2-050-14,CT19-T2-050-14-02,1
CT19-T2-050,CT19-T2-050-14,CT19-T2-050-14-03,0
CT19-T2-050,CT19-T2-050-14,CT19-T2-050-14-04,0
CT19-T2-053,CT19-T2-053-06,CT19-T2-053-06-01,1
CT19-T2-053,CT19-T2-053-06,CT19-T2-053-06-02,0
CT19-T2-053,CT19-T2-053-06,CT19-T2-053-06-03,1
CT19-T2-053,CT19-T2-053-19,CT19-T2-053-19-01,0
CT19-T2-053,CT19-T2-053-19,CT19-T2-053-19-02,1
CT19-T2-053,CT19-T2-053-19,CT19-T2-053-19-03,1
CT19-T2-053,CT19-T2-053-20,CT19-T2-053-20-01,1
CT19-T2-053,CT19-T2-053-20,CT19-T2-053-20-02,1
CT19-T2-055,CT19-T2-055-08,CT19-T2-055-08-01,1
CT19-T2-055,CT19-T2-055-08,CT19-T2-055-08-02,0
CT19-T2-055,CT19-T2-055-08,CT19-T2-055-08-03,1
CT19-T2-055,CT19-T2-055-20,CT19-T2-055-20-01,0
CT19-T2-055,CT19-T2-055-20,CT19-T2-055-20-02,0
CT19-T2-055,CT19-T2-055-20,CT19-T2-055-20-03,0
CT19-T2-055,CT19-T2-055-20,CT19-T2-055-20-04,0
CT19-T2-055,CT19-T2-055-20,CT19-T2-055-20-05,0
CT19-T2-055,CT19-T2-055-20,CT19-T2-055-20-06,0
CT19-T2-055,CT19-T2-055-20,CT19-T2-055-20-07,1
CT19-T2-056,CT19-T2-056-01,CT19-T2-056-01-01,1
CT19-T2-056,CT19-T2-056-01,CT19-T2-056-01-03,0
CT19-T2-056,CT19-T2-056-01,CT19-T2-056-01-05,0
CT19-T2-056,CT19-T2-056-08,CT19-T2-056-08-01,1
CT19-T2-056,CT19-T2-056-08,CT19-T2-056-08-03,1
CT19-T2-056,CT19-T2-056-08,CT19-T2-056-08-05,1
CT19-T2-056,CT19-T2-056-08,CT19-T2-056-08-07,1
CT19-T2-056,CT19-T2-056-08,CT19-T2-056-08-09,1
CT19-T2-056,CT19-T2-056-08,CT19-T2-056-08-11,0
CT19-T2-056,CT19-T2-056-08,CT19-T2-056-08-13,1
CT19-T2-056,CT19-T2-056-08,CT19-T2-056-08-15,0
CT19-T2-056,CT19-T2-056-09,CT19-T2-056-09-01,1
CT19-T2-056,CT19-T2-056-09,CT19-T2-056-09-02,0
CT19-T2-056,CT19-T2-056-10,CT19-T2-056-10-01,1
CT19-T2-056,CT19-T2-056-12,CT19-T2-056-12-01,1
CT19-T2-056,CT19-T2-056-12,CT19-T2-056-12-03,0
CT19-T2-057,CT19-T2-057-07,CT19-T2-057-07-01,0
CT19-T2-057,CT19-T2-057-07,CT19-T2-057-07-02,0
CT19-T2-057,CT19-T2-057-07,CT19-T2-057-07-03,0
CT19-T2-057,CT19-T2-057-09,CT19-T2-057-09-01,1
CT19-T2-057,CT19-T2-057-09,CT19-T2-057-09-02,1
CT19-T2-057,CT19-T2-057-10,CT19-T2-057-10-01,0
CT19-T2-057,CT19-T2-057-10,CT19-T2-057-10-02,0
CT19-T2-057,CT19-T2-057-10,CT19-T2-057-10-03,1
CT19-T2-057,CT19-T2-057-12,CT19-T2-057-12-01,0
CT19-T2-057,CT19-T2-057-12,CT19-T2-057-12-02,0
CT19-T2-057,CT19-T2-057-12,CT19-T2-057-12-03,0
CT19-T2-057,CT19-T2-057-12,CT19-T2-057-12-04,0
CT19-T2-057,CT19-T2-057-12,CT19-T2-057-12-05,0
CT19-T2-057,CT19-T2-057-12,CT19-T2-057-12-06,0
CT19-T2-057,CT19-T2-057-12,CT19-T2-057-12-07,0
CT19-T2-057,CT19-T2-057-12,CT19-T2-057-12-08,0
CT19-T2-057,CT19-T2-057-12,CT19-T2-057-12-09,0
CT19-T2-057,CT19-T2-057-12,CT19-T2-057-12-10,0
CT19-T2-057,CT19-T2-057-12,CT19-T2-057-12-11,0
CT19-T2-057,CT19-T2-057-12,CT19-T2-057-12-12,0
CT19-T2-058,CT19-T2-058-02,CT19-T2-058-02-01,1
CT19-T2-058,CT19-T2-058-02,CT19-T2-058-02-03,1
CT19-T2-058,CT19-T2-058-03,CT19-T2-058-03-01,1
CT19-T2-058,CT19-T2-058-03,CT19-T2-058-03-02,0
CT19-T2-058,CT19-T2-058-05,CT19-T2-058-05-01,1
CT19-T2-058,CT19-T2-058-05,CT19-T2-058-05-03,1
CT19-T2-058,CT19-T2-058-09,CT19-T2-058-09-01,1
CT19-T2-058,CT19-T2-058-09,CT19-T2-058-09-02,0
CT19-T2-058,CT19-T2-058-10,CT19-T2-058-10-01,1
CT19-T2-058,CT19-T2-058-10,CT19-T2-058-10-02,0
CT19-T2-064,CT19-T2-064-24,CT19-T2-064-24-01,0
CT19-T2-064,CT19-T2-064-24,CT19-T2-064-24-02,0
CT19-T2-064,CT19-T2-064-24,CT19-T2-064-24-03,0
CT19-T2-064,CT19-T2-064-24,CT19-T2-064-24-04,0
CT19-T2-064,CT19-T2-064-24,CT19-T2-064-24-05,0
CT19-T2-064,CT19-T2-064-24,CT19-T2-064-24-06,0
CT19-T2-064,CT19-T2-064-24,CT19-T2-064-24-07,0
CT19-T2-064,CT19-T2-064-24,CT19-T2-064-24-08,1
CT19-T2-064,CT19-T2-064-50,CT19-T2-064-50-01,0
CT19-T2-064,CT19-T2-064-50,CT19-T2-064-50-02,0
CT19-T2-064,CT19-T2-064-50,CT19-T2-064-50-03,0
CT19-T2-064,CT19-T2-064-50,CT19-T2-064-50-04,0
CT19-T2-064,CT19-T2-064-50,CT19-T2-064-50-05,0
CT19-T2-064,CT19-T2-064-50,CT19-T2-064-50-06,0
CT19-T2-064,CT19-T2-064-50,CT19-T2-064-50-07,1
CT19-T2-064,CT19-T2-064-50,CT19-T2-064-50-08,0
CT19-T2-064,CT19-T2-064-50,CT19-T2-064-50-09,0
CT19-T2-064,CT19-T2-064-50,CT19-T2-064-50-10,0
CT19-T2-064,CT19-T2-064-50,CT19-T2-064-50-11,0
CT19-T2-066,CT19-T2-066-01,CT19-T2-066-01-01,1
CT19-T2-066,CT19-T2-066-01,CT19-T2-066-01-02,0
CT19-T2-066,CT19-T2-066-02,CT19-T2-066-02-01,1
CT19-T2-066,CT19-T2-066-02,CT19-T2-066-02-02,1
CT19-T2-066,CT19-T2-066-04,CT19-T2-066-04-01,1
CT19-T2-066,CT19-T2-066-04,CT19-T2-066-04-02,0
CT19-T2-066,CT19-T2-066-05,CT19-T2-066-05-01,1
CT19-T2-066,CT19-T2-066-05,CT19-T2-066-05-02,1
CT19-T2-066,CT19-T2-066-13,CT19-T2-066-13-01,0
CT19-T2-066,CT19-T2-066-13,CT19-T2-066-13-02,1
CT19-T2-067,CT19-T2-067-08,CT19-T2-067-08-01,1
CT19-T2-067,CT19-T2-067-08,CT19-T2-067-08-02,1
CT19-T2-067,CT19-T2-067-11,CT19-T2-067-11-01,1
CT19-T2-067,CT19-T2-067-11,CT19-T2-067-11-02,1
CT19-T2-067,CT19-T2-067-14,CT19-T2-067-14-01,1
CT19-T2-067,CT19-T2-067-14,CT19-T2-067-14-02,1
CT19-T2-067,CT19-T2-067-14,CT19-T2-067-14-04,1
CT19-T2-067,CT19-T2-067-20,CT19-T2-067-20-01,1
CT19-T2-067,CT19-T2-067-20,CT19-T2-067-20-02,1
CT19-T2-067,CT19-T2-067-28,CT19-T2-067-28-01,1
CT19-T2-067,CT19-T2-067-28,CT19-T2-067-28-02,1
CT19-T2-067,CT19-T2-067-28,CT19-T2-067-28-03,1
CT19-T2-068,CT19-T2-068-03,CT19-T2-068-03-01,0
CT19-T2-068,CT19-T2-068-03,CT19-T2-068-03-02,0
CT19-T2-068,CT19-T2-068-03,CT19-T2-068-03-03,0
CT19-T2-068,CT19-T2-068-03,CT19-T2-068-03-04,1
CT19-T2-068,CT19-T2-068-03,CT19-T2-068-03-05,0
CT19-T2-068,CT19-T2-068-03,CT19-T2-068-03-06,0
CT19-T2-068,CT19-T2-068-03,CT19-T2-068-03-07,0
CT19-T2-076,CT19-T2-076-01,CT19-T2-076-01-01,0
CT19-T2-076,CT19-T2-076-01,CT19-T2-076-01-03,1
CT19-T2-076,CT19-T2-076-02,CT19-T2-076-02-01,1
CT19-T2-076,CT19-T2-076-02,CT19-T2-076-02-02,1
CT19-T2-076,CT19-T2-076-02,CT19-T2-076-02-03,0
CT19-T2-076,CT19-T2-076-02,CT19-T2-076-02-04,0
CT19-T2-076,CT19-T2-076-03,CT19-T2-076-03-01,0
CT19-T2-076,CT19-T2-076-03,CT19-T2-076-03-02,1
CT19-T2-076,CT19-T2-076-04,CT19-T2-076-04-01,1
CT19-T2-076,CT19-T2-076-04,CT19-T2-076-04-02,1
CT19-T2-076,CT19-T2-076-05,CT19-T2-076-05-01,1
CT19-T2-076,CT19-T2-076-05,CT19-T2-076-05-02,0
CT19-T2-076,CT19-T2-076-05,CT19-T2-076-05-03,0
CT19-T2-079,CT19-T2-079-02,CT19-T2-079-02-01,0
CT19-T2-079,CT19-T2-079-02,CT19-T2-079-02-02,1
CT19-T2-079,CT19-T2-079-02,CT19-T2-079-02-03,0
CT19-T2-079,CT19-T2-079-02,CT19-T2-079-02-04,0
CT19-T2-079,CT19-T2-079-03,CT19-T2-079-03-01,1
CT19-T2-079,CT19-T2-079-03,CT19-T2-079-03-02,0
CT19-T2-079,CT19-T2-079-15,CT19-T2-079-15-01,1
CT19-T2-079,CT19-T2-079-15,CT19-T2-079-15-02,1
CT19-T2-080,CT19-T2-080-01,CT19-T2-080-01-01,1
CT19-T2-080,CT19-T2-080-01,CT19-T2-080-01-02,1
CT19-T2-080,CT19-T2-080-01,CT19-T2-080-01-03,0
CT19-T2-080,CT19-T2-080-05,CT19-T2-080-05-01,1
CT19-T2-080,CT19-T2-080-05,CT19-T2-080-05-02,0
CT19-T2-080,CT19-T2-080-05,CT19-T2-080-05-03,0
CT19-T2-080,CT19-T2-080-10,CT19-T2-080-10-01,1
CT19-T2-080,CT19-T2-080-10,CT19-T2-080-10-02,1
CT19-T2-080,CT19-T2-080-10,CT19-T2-080-10-03,0
CT19-T2-080,CT19-T2-080-18,CT19-T2-080-18-01,0
CT19-T2-080,CT19-T2-080-18,CT19-T2-080-18-02,0
CT19-T2-080,CT19-T2-080-18,CT19-T2-080-18-03,1
CT19-T2-080,CT19-T2-080-18,CT19-T2-080-18-04,1
