CT19-T2-001,CT19-T2-001-01,-1
CT19-T2-001,CT19-T2-001-02,0
CT19-T2-001,CT19-T2-001-03,-1
CT19-T2-001,CT19-T2-001-04,0
CT19-T2-001,CT19-T2-001-05,0
CT19-T2-001,CT19-T2-001-06,-1
CT19-T2-001,CT19-T2-001-07,-1
CT19-T2-001,CT19-T2-001-08,0
CT19-T2-001,CT19-T2-001-09,1
CT19-T2-001,CT19-T2-001-10,0
CT19-T2-001,CT19-T2-001-11,-1
CT19-T2-001,CT19-T2-001-12,-1
CT19-T2-001,CT19-T2-001-13,-1
CT19-T2-001,CT19-T2-001-14,-1
CT19-T2-001,CT19-T2-001-15,-1
CT19-T2-001,CT19-T2-001-16,-1
CT19-T2-001,CT19-T2-001-17,-1
CT19-T2-001,CT19-T2-001-18,-1
CT19-T2-001,CT19-T2-001-19,-1
CT19-T2-001,CT19-T2-001-20,-1
CT19-T2-001,CT19-T2-001-21,0
CT19-T2-001,CT19-T2-001-22,-1
CT19-T2-001,CT19-T2-001-23,-1
CT19-T2-001,CT19-T2-001-24,-1
CT19-T2-001,CT19-T2-001-25,-1
CT19-T2-001,CT19-T2-001-26,0
CT19-T2-001,CT19-T2-001-27,0
CT19-T2-001,CT19-T2-001-28,-1
CT19-T2-001,CT19-T2-001-29,-1
CT19-T2-001,CT19-T2-001-30,-1
CT19-T2-001,CT19-T2-001-31,-1
CT19-T2-001,CT19-T2-001-32,-1
CT19-T2-001,CT19-T2-001-33,-1
CT19-T2-001,CT19-T2-001-34,0
CT19-T2-001,CT19-T2-001-35,-1
CT19-T2-001,CT19-T2-001-36,-1
CT19-T2-001,CT19-T2-001-37,-1
CT19-T2-001,CT19-T2-001-38,-1
CT19-T2-001,CT19-T2-001-39,-1
CT19-T2-001,CT19-T2-001-40,-1
CT19-T2-001,CT19-T2-001-41,-1
CT19-T2-001,CT19-T2-001-42,0
CT19-T2-001,CT19-T2-001-43,-1
CT19-T2-001,CT19-T2-001-44,-1
CT19-T2-001,CT19-T2-001-45,1
CT19-T2-001,CT19-T2-001-46,-1
CT19-T2-001,CT19-T2-001-47,-1
CT19-T2-001,CT19-T2-001-48,-1
CT19-T2-001,CT19-T2-001-49,-1
CT19-T2-001,CT19-T2-001-50,-1
CT19-T2-002,CT19-T2-002-01,-1
CT19-T2-002,CT19-T2-002-02,1
CT19-T2-002,CT19-T2-002-03,1
CT19-T2-002,CT19-T2-002-04,1
CT19-T2-002,CT19-T2-002-05,1
CT19-T2-002,CT19-T2-002-06,1
CT19-T2-002,CT19-T2-002-07,1
CT19-T2-002,CT19-T2-002-08,-1
CT19-T2-002,CT19-T2-002-09,1
CT19-T2-002,CT19-T2-002-10,1
CT19-T2-002,CT19-T2-002-11,0
CT19-T2-002,CT19-T2-002-12,0
CT19-T2-002,CT19-T2-002-13,0
CT19-T2-002,CT19-T2-002-14,1
CT19-T2-002,CT19-T2-002-15,-1
CT19-T2-002,CT19-T2-002-16,1
CT19-T2-002,CT19-T2-002-17,1
CT19-T2-002,CT19-T2-002-18,0
CT19-T2-002,CT19-T2-002-19,1
CT19-T2-002,CT19-T2-002-20,1
CT19-T2-002,CT19-T2-002-21,0
CT19-T2-002,CT19-T2-002-22,-1
CT19-T2-002,CT19-T2-002-23,1
CT19-T2-002,CT19-T2-002-24,0
CT19-T2-002,CT19-T2-002-25,1
CT19-T2-002,CT19-T2-002-26,-1
CT19-T2-002,CT19-T2-002-27,-1
CT19-T2-002,CT19-T2-002-28,-1
CT19-T2-002,CT19-T2-002-29,0
CT19-T2-002,CT19-T2-002-30,1
CT19-T2-002,CT19-T2-002-31,0
CT19-T2-002,CT19-T2-002-32,-1
CT19-T2-002,CT19-T2-002-33,0
CT19-T2-002,CT19-T2-002-34,0
CT19-T2-002,CT19-T2-002-35,0
CT19-T2-002,CT19-T2-002-36,0
CT19-T2-002,CT19-T2-002-37,-1
CT19-T2-002,CT19-T2-002-38,0
CT19-T2-002,CT19-T2-002-39,0
CT19-T2-002,CT19-T2-002-40,0
CT19-T2-002,CT19-T2-002-41,0
CT19-T2-002,CT19-T2-002-42,1
CT19-T2-002,CT19-T2-002-43,0
CT19-T2-002,CT19-T2-002-44,-1
CT19-T2-002,CT19-T2-002-45,-1
CT19-T2-002,CT19-T2-002-47,0
CT19-T2-002,CT19-T2-002-48,0
CT19-T2-002,CT19-T2-002-49,0
CT19-T2-002,CT19-T2-002-50,-1
CT19-T2-004,CT19-T2-004-01,1
CT19-T2-004,CT19-T2-004-02,-1
CT19-T2-004,CT19-T2-004-03,-1
CT19-T2-004,CT19-T2-004-04,-1
CT19-T2-004,CT19-T2-004-05,-1
CT19-T2-004,CT19-T2-004-06,-1
CT19-T2-004,CT19-T2-004-07,-1
CT19-T2-004,CT19-T2-004-08,-1
CT19-T2-004,CT19-T2-004-09,-1
CT19-T2-004,CT19-T2-004-10,-1
CT19-T2-004,CT19-T2-004-11,-1
CT19-T2-004,CT19-T2-004-12,-1
CT19-T2-004,CT19-T2-004-13,-1
CT19-T2-004,CT19-T2-004-14,-1
CT19-T2-004,CT19-T2-004-15,-1
CT19-T2-004,CT19-T2-004-16,-1
CT19-T2-004,CT19-T2-004-17,-1
CT19-T2-004,CT19-T2-004-18,-1
CT19-T2-004,CT19-T2-004-19,-1
CT19-T2-004,CT19-T2-004-20,-1
CT19-T2-004,CT19-T2-004-21,-1
CT19-T2-004,CT19-T2-004-22,-1
CT19-T2-004,CT19-T2-004-23,-1
CT19-T2-004,CT19-T2-004-24,-1
CT19-T2-004,CT19-T2-004-25,-1
CT19-T2-004,CT19-T2-004-26,-1
CT19-T2-004,CT19-T2-004-27,-1
CT19-T2-004,CT19-T2-004-28,-1
CT19-T2-004,CT19-T2-004-29,-1
CT19-T2-004,CT19-T2-004-30,-1
CT19-T2-004,CT19-T2-004-31,-1
CT19-T2-004,CT19-T2-004-32,-1
CT19-T2-005,CT19-T2-005-01,-1
CT19-T2-005,CT19-T2-005-02,-1
CT19-T2-005,CT19-T2-005-03,-1
CT19-T2-005,CT19-T2-005-04,-1
CT19-T2-005,CT19-T2-005-05,-1
CT19-T2-005,CT19-T2-005-06,-1
CT19-T2-005,CT19-T2-005-07,-1
CT19-T2-005,CT19-T2-005-08,-1
CT19-T2-005,CT19-T2-005-09,1
CT19-T2-005,CT19-T2-005-10,-1
CT19-T2-005,CT19-T2-005-11,-1
CT19-T2-005,CT19-T2-005-12,-1
CT19-T2-005,CT19-T2-005-13,-1
CT19-T2-005,CT19-T2-005-14,-1
CT19-T2-005,CT19-T2-005-15,-1
CT19-T2-005,CT19-T2-005-16,-1
CT19-T2-005,CT19-T2-005-17,-1
CT19-T2-005,CT19-T2-005-18,-1
CT19-T2-005,CT19-T2-005-19,-1
CT19-T2-005,CT19-T2-005-20,-1
CT19-T2-005,CT19-T2-005-21,-1
CT19-T2-005,CT19-T2-005-22,-1
CT19-T2-005,CT19-T2-005-23,-1
CT19-T2-005,CT19-T2-005-24,-1
CT19-T2-005,CT19-T2-005-25,-1
CT19-T2-005,CT19-T2-005-26,-1
CT19-T2-005,CT19-T2-005-27,-1
CT19-T2-005,CT19-T2-005-28,-1
CT19-T2-005,CT19-T2-005-29,-1
CT19-T2-005,CT19-T2-005-30,-1
CT19-T2-005,CT19-T2-005-31,-1
CT19-T2-005,CT19-T2-005-32,-1
CT19-T2-005,CT19-T2-005-33,-1
CT19-T2-005,CT19-T2-005-34,-1
CT19-T2-005,CT19-T2-005-35,-1
CT19-T2-005,CT19-T2-005-36,-1
CT19-T2-005,CT19-T2-005-37,-1
CT19-T2-005,CT19-T2-005-38,-1
CT19-T2-005,CT19-T2-005-39,-1
CT19-T2-005,CT19-T2-005-40,-1
CT19-T2-005,CT19-T2-005-41,-1
CT19-T2-005,CT19-T2-005-42,-1
CT19-T2-005,CT19-T2-005-43,-1
CT19-T2-005,CT19-T2-005-44,-1
CT19-T2-005,CT19-T2-005-45,-1
CT19-T2-005,CT19-T2-005-46,-1
CT19-T2-005,CT19-T2-005-47,-1
CT19-T2-005,CT19-T2-005-48,-1
CT19-T2-005,CT19-T2-005-49,-1
CT19-T2-005,CT19-T2-005-50,-1
CT19-T2-006,CT19-T2-006-01,-1
CT19-T2-006,CT19-T2-006-02,1
CT19-T2-006,CT19-T2-006-03,1
CT19-T2-006,CT19-T2-006-04,1
CT19-T2-006,CT19-T2-006-05,1
CT19-T2-006,CT19-T2-006-06,1
CT19-T2-006,CT19-T2-006-07,1
CT19-T2-006,CT19-T2-006-08,1
CT19-T2-006,CT19-T2-006-09,1
CT19-T2-006,CT19-T2-006-10,1
CT19-T2-006,CT19-T2-006-11,1
CT19-T2-006,CT19-T2-006-12,-1
CT19-T2-006,CT19-T2-006-13,-1
CT19-T2-006,CT19-T2-006-14,-1
CT19-T2-006,CT19-T2-006-15,-1
CT19-T2-006,CT19-T2-006-16,1
CT19-T2-006,CT19-T2-006-17,-1
CT19-T2-006,CT19-T2-006-18,-1
CT19-T2-006,CT19-T2-006-19,1
CT19-T2-006,CT19-T2-006-20,-1
CT19-T2-006,CT19-T2-006-21,-1
CT19-T2-006,CT19-T2-006-22,1
CT19-T2-006,CT19-T2-006-23,-1
CT19-T2-006,CT19-T2-006-24,-1
CT19-T2-006,CT19-T2-006-25,0
CT19-T2-006,CT19-T2-006-26,-1
CT19-T2-006,CT19-T2-006-27,-1
CT19-T2-006,CT19-T2-006-28,1
CT19-T2-006,CT19-T2-006-29,1
CT19-T2-006,CT19-T2-006-30,-1
CT19-T2-006,CT19-T2-006-31,-1
CT19-T2-006,CT19-T2-006-32,-1
CT19-T2-006,CT19-T2-006-33,1
CT19-T2-006,CT19-T2-006-34,1
CT19-T2-006,CT19-T2-006-35,1
CT19-T2-006,CT19-T2-006-36,-1
CT19-T2-006,CT19-T2-006-37,-1
CT19-T2-006,CT19-T2-006-38,-1
CT19-T2-006,CT19-T2-006-39,-1
CT19-T2-006,CT19-T2-006-40,-1
CT19-T2-006,CT19-T2-006-41,0
CT19-T2-006,CT19-T2-006-42,-1
CT19-T2-006,CT19-T2-006-43,-1
CT19-T2-006,CT19-T2-006-44,-1
CT19-T2-006,CT19-T2-006-45,-1
CT19-T2-006,CT19-T2-006-46,-1
CT19-T2-006,CT19-T2-006-47,-1
CT19-T2-006,CT19-T2-006-48,-1
CT19-T2-006,CT19-T2-006-49,-1
CT19-T2-006,CT19-T2-006-50,-1
CT19-T2-007,CT19-T2-007-01,0
CT19-T2-007,CT19-T2-007-02,1
CT19-T2-007,CT19-T2-007-03,1
CT19-T2-007,CT19-T2-007-04,1
CT19-T2-007,CT19-T2-007-05,-1
CT19-T2-007,CT19-T2-007-06,0
CT19-T2-007,CT19-T2-007-07,1
CT19-T2-007,CT19-T2-007-08,0
CT19-T2-007,CT19-T2-007-09,-1
CT19-T2-007,CT19-T2-007-10,1
CT19-T2-007,CT19-T2-007-11,-1
CT19-T2-007,CT19-T2-007-12,1
CT19-T2-007,CT19-T2-007-13,0
CT19-T2-007,CT19-T2-007-14,1
CT19-T2-007,CT19-T2-007-15,-1
CT19-T2-007,CT19-T2-007-16,-1
CT19-T2-007,CT19-T2-007-17,1
CT19-T2-007,CT19-T2-007-18,-1
CT19-T2-007,CT19-T2-007-19,0
CT19-T2-007,CT19-T2-007-20,0
CT19-T2-007,CT19-T2-007-21,-1
CT19-T2-007,CT19-T2-007-22,1
CT19-T2-007,CT19-T2-007-23,0
CT19-T2-007,CT19-T2-007-24,0
CT19-T2-007,CT19-T2-007-25,-1
CT19-T2-007,CT19-T2-007-26,-1
CT19-T2-007,CT19-T2-007-27,-1
CT19-T2-007,CT19-T2-007-28,0
CT19-T2-007,CT19-T2-007-29,-1
CT19-T2-007,CT19-T2-007-30,-1
CT19-T2-007,CT19-T2-007-31,-1
CT19-T2-007,CT19-T2-007-32,-1
CT19-T2-007,CT19-T2-007-33,1
CT19-T2-007,CT19-T2-007-34,-1
CT19-T2-007,CT19-T2-007-35,-1
CT19-T2-007,CT19-T2-007-36,-1
CT19-T2-007,CT19-T2-007-37,1
CT19-T2-007,CT19-T2-007-38,-1
CT19-T2-007,CT19-T2-007-39,0
CT19-T2-007,CT19-T2-007-40,-1
CT19-T2-007,CT19-T2-007-41,-1
CT19-T2-007,CT19-T2-007-42,-1
CT19-T2-007,CT19-T2-007-43,-1
CT19-T2-007,CT19-T2-007-44,0
CT19-T2-007,CT19-T2-007-45,-1
CT19-T2-007,CT19-T2-007-46,1
CT19-T2-007,CT19-T2-007-47,-1
CT19-T2-007,CT19-T2-007-48,-1
CT19-T2-007,CT19-T2-007-49,-1
CT19-T2-007,CT19-T2-007-50,-1
CT19-T2-008,CT19-T2-008-01,1
CT19-T2-008,CT19-T2-008-02,1
CT19-T2-008,CT19-T2-008-03,1
CT19-T2-008,CT19-T2-008-04,-1
CT19-T2-008,CT19-T2-008-05,-1
CT19-T2-008,CT19-T2-008-06,-1
CT19-T2-008,CT19-T2-008-07,-1
CT19-T2-008,CT19-T2-008-08,1
CT19-T2-008,CT19-T2-008-09,1
CT19-T2-008,CT19-T2-008-10,1
CT19-T2-008,CT19-T2-008-11,-1
CT19-T2-008,CT19-T2-008-12,-1
CT19-T2-008,CT19-T2-008-13,1
CT19-T2-008,CT19-T2-008-14,1
CT19-T2-008,CT19-T2-008-15,-1
CT19-T2-008,CT19-T2-008-16,-1
CT19-T2-008,CT19-T2-008-17,-1
CT19-T2-008,CT19-T2-008-18,-1
CT19-T2-008,CT19-T2-008-19,-1
CT19-T2-008,CT19-T2-008-20,-1
CT19-T2-008,CT19-T2-008-21,-1
CT19-T2-008,CT19-T2-008-22,-1
CT19-T2-008,CT19-T2-008-23,-1
CT19-T2-008,CT19-T2-008-24,-1
CT19-T2-008,CT19-T2-008-25,-1
CT19-T2-008,CT19-T2-008-26,-1
CT19-T2-008,CT19-T2-008-28,-1
CT19-T2-008,CT19-T2-008-29,-1
CT19-T2-008,CT19-T2-008-30,-1
CT19-T2-008,CT19-T2-008-31,-1
CT19-T2-009,CT19-T2-009-01,1
CT19-T2-009,CT19-T2-009-02,1
CT19-T2-009,CT19-T2-009-03,1
CT19-T2-009,CT19-T2-009-04,1
CT19-T2-009,CT19-T2-009-05,1
CT19-T2-009,CT19-T2-009-06,1
CT19-T2-009,CT19-T2-009-07,1
CT19-T2-009,CT19-T2-009-08,1
CT19-T2-009,CT19-T2-009-09,1
CT19-T2-009,CT19-T2-009-10,1
CT19-T2-009,CT19-T2-009-11,1
CT19-T2-009,CT19-T2-009-13,1
CT19-T2-009,CT19-T2-009-14,1
CT19-T2-009,CT19-T2-009-15,1
CT19-T2-009,CT19-T2-009-16,1
CT19-T2-009,CT19-T2-009-17,1
CT19-T2-009,CT19-T2-009-18,1
CT19-T2-009,CT19-T2-009-19,1
CT19-T2-009,CT19-T2-009-20,1
CT19-T2-009,CT19-T2-009-21,1
CT19-T2-009,CT19-T2-009-22,1
CT19-T2-009,CT19-T2-009-23,1
CT19-T2-009,CT19-T2-009-24,1
CT19-T2-009,CT19-T2-009-25,-1
CT19-T2-009,CT19-T2-009-26,-1
CT19-T2-009,CT19-T2-009-27,1
CT19-T2-009,CT19-T2-009-28,1
CT19-T2-009,CT19-T2-009-29,1
CT19-T2-009,CT19-T2-009-30,1
CT19-T2-009,CT19-T2-009-31,-1
CT19-T2-009,CT19-T2-009-32,1
CT19-T2-009,CT19-T2-009-33,0
CT19-T2-009,CT19-T2-009-34,-1
CT19-T2-009,CT19-T2-009-35,1
CT19-T2-009,CT19-T2-009-36,1
CT19-T2-009,CT19-T2-009-37,-1
CT19-T2-009,CT19-T2-009-38,-1
CT19-T2-009,CT19-T2-009-39,-1
CT19-T2-009,CT19-T2-009-40,-1
CT19-T2-009,CT19-T2-009-41,0
CT19-T2-009,CT19-T2-009-42,-1
CT19-T2-009,CT19-T2-009-43,1
CT19-T2-009,CT19-T2-009-44,1
CT19-T2-009,CT19-T2-009-45,-1
CT19-T2-009,CT19-T2-009-46,-1
CT19-T2-009,CT19-T2-009-47,0
CT19-T2-009,CT19-T2-009-48,1
CT19-T2-009,CT19-T2-009-49,1
CT19-T2-009,CT19-T2-009-50,0
CT19-T2-010,CT19-T2-010-01,1
CT19-T2-010,CT19-T2-010-02,1
CT19-T2-010,CT19-T2-010-03,-1
CT19-T2-010,CT19-T2-010-04,1
CT19-T2-010,CT19-T2-010-05,-1
CT19-T2-010,CT19-T2-010-06,-1
CT19-T2-010,CT19-T2-010-07,-1
CT19-T2-010,CT19-T2-010-08,1
CT19-T2-010,CT19-T2-010-09,-1
CT19-T2-010,CT19-T2-010-10,1
CT19-T2-010,CT19-T2-010-11,1
CT19-T2-010,CT19-T2-010-12,-1
CT19-T2-010,CT19-T2-010-13,-1
CT19-T2-010,CT19-T2-010-14,1
CT19-T2-010,CT19-T2-010-15,1
CT19-T2-010,CT19-T2-010-16,-1
CT19-T2-010,CT19-T2-010-17,1
CT19-T2-010,CT19-T2-010-18,-1
CT19-T2-010,CT19-T2-010-19,1
CT19-T2-010,CT19-T2-010-20,1
CT19-T2-010,CT19-T2-010-21,-1
CT19-T2-010,CT19-T2-010-22,-1
CT19-T2-010,CT19-T2-010-23,-1
CT19-T2-010,CT19-T2-010-24,1
CT19-T2-010,CT19-T2-010-25,-1
CT19-T2-010,CT19-T2-010-26,-1
CT19-T2-010,CT19-T2-010-27,1
CT19-T2-010,CT19-T2-010-28,-1
CT19-T2-010,CT19-T2-010-29,-1
CT19-T2-010,CT19-T2-010-30,-1
CT19-T2-010,CT19-T2-010-31,-1
CT19-T2-010,CT19-T2-010-32,-1
CT19-T2-010,CT19-T2-010-33,-1
CT19-T2-010,CT19-T2-010-34,1
CT19-T2-010,CT19-T2-010-35,-1
CT19-T2-010,CT19-T2-010-36,1
CT19-T2-010,CT19-T2-010-37,-1
CT19-T2-010,CT19-T2-010-38,1
CT19-T2-010,CT19-T2-010-39,-1
CT19-T2-010,CT19-T2-010-40,1
CT19-T2-010,CT19-T2-010-41,-1
CT19-T2-010,CT19-T2-010-42,1
CT19-T2-010,CT19-T2-010-43,1
CT19-T2-010,CT19-T2-010-44,-1
CT19-T2-010,CT19-T2-010-45,-1
CT19-T2-010,CT19-T2-010-46,-1
CT19-T2-010,CT19-T2-010-47,1
CT19-T2-010,CT19-T2-010-48,-1
CT19-T2-010,CT19-T2-010-49,-1
CT19-T2-010,CT19-T2-010-50,-1
CT19-T2-011,CT19-T2-011-01,1
CT19-T2-011,CT19-T2-011-02,0
CT19-T2-011,CT19-T2-011-03,0
CT19-T2-011,CT19-T2-011-04,-1
CT19-T2-011,CT19-T2-011-05,1
CT19-T2-011,CT19-T2-011-06,-1
CT19-T2-011,CT19-T2-011-07,-1
CT19-T2-011,CT19-T2-011-08,0
CT19-T2-011,CT19-T2-011-09,0
CT19-T2-011,CT19-T2-011-10,0
CT19-T2-011,CT19-T2-011-11,0
CT19-T2-011,CT19-T2-011-12,-1
CT19-T2-011,CT19-T2-011-13,-1
CT19-T2-011,CT19-T2-011-14,-1
CT19-T2-011,CT19-T2-011-15,-1
CT19-T2-011,CT19-T2-011-16,-1
CT19-T2-011,CT19-T2-011-17,-1
CT19-T2-011,CT19-T2-011-18,-1
CT19-T2-011,CT19-T2-011-19,-1
CT19-T2-011,CT19-T2-011-20,-1
CT19-T2-011,CT19-T2-011-21,-1
CT19-T2-011,CT19-T2-011-22,-1
CT19-T2-011,CT19-T2-011-23,-1
CT19-T2-011,CT19-T2-011-24,-1
CT19-T2-011,CT19-T2-011-25,-1
CT19-T2-011,CT19-T2-011-26,-1
CT19-T2-011,CT19-T2-011-27,-1
CT19-T2-011,CT19-T2-011-28,-1
CT19-T2-011,CT19-T2-011-29,-1
CT19-T2-011,CT19-T2-011-30,-1
CT19-T2-011,CT19-T2-011-31,-1
CT19-T2-011,CT19-T2-011-32,-1
CT19-T2-011,CT19-T2-011-33,0
CT19-T2-011,CT19-T2-011-34,-1
CT19-T2-011,CT19-T2-011-36,-1
CT19-T2-012,CT19-T2-012-01,1
CT19-T2-012,CT19-T2-012-02,1
CT19-T2-012,CT19-T2-012-03,1
CT19-T2-012,CT19-T2-012-04,1
CT19-T2-012,CT19-T2-012-05,0
CT19-T2-012,CT19-T2-012-06,1
CT19-T2-012,CT19-T2-012-07,0
CT19-T2-012,CT19-T2-012-08,1
CT19-T2-012,CT19-T2-012-09,-1
CT19-T2-012,CT19-T2-012-10,1
CT19-T2-012,CT19-T2-012-11,1
CT19-T2-012,CT19-T2-012-12,1
CT19-T2-012,CT19-T2-012-13,-1
CT19-T2-012,CT19-T2-012-14,-1
CT19-T2-012,CT19-T2-012-15,-1
CT19-T2-012,CT19-T2-012-16,-1
CT19-T2-012,CT19-T2-012-17,-1
CT19-T2-012,CT19-T2-012-18,-1
CT19-T2-012,CT19-T2-012-19,1
CT19-T2-012,CT19-T2-012-20,1
CT19-T2-012,CT19-T2-012-21,1
CT19-T2-012,CT19-T2-012-22,-1
CT19-T2-012,CT19-T2-012-23,-1
CT19-T2-012,CT19-T2-012-24,1
CT19-T2-012,CT19-T2-012-25,1
CT19-T2-012,CT19-T2-012-26,-1
CT19-T2-012,CT19-T2-012-27,1
CT19-T2-012,CT19-T2-012-28,-1
CT19-T2-012,CT19-T2-012-29,1
CT19-T2-012,CT19-T2-012-30,-1
CT19-T2-012,CT19-T2-012-31,1
CT19-T2-012,CT19-T2-012-32,-1
CT19-T2-012,CT19-T2-012-33,-1
CT19-T2-012,CT19-T2-012-34,-1
CT19-T2-012,CT19-T2-012-35,1
CT19-T2-012,CT19-T2-012-36,-1
CT19-T2-012,CT19-T2-012-37,-1
CT19-T2-012,CT19-T2-012-38,1
CT19-T2-012,CT19-T2-012-39,-1
CT19-T2-012,CT19-T2-012-40,1
CT19-T2-012,CT19-T2-012-41,1
CT19-T2-012,CT19-T2-012-42,1
CT19-T2-012,CT19-T2-012-43,-1
CT19-T2-012,CT19-T2-012-44,-1
CT19-T2-012,CT19-T2-012-45,1
CT19-T2-012,CT19-T2-012-46,-1
CT19-T2-012,CT19-T2-012-47,1
CT19-T2-012,CT19-T2-012-48,-1
CT19-T2-012,CT19-T2-012-49,-1
CT19-T2-012,CT19-T2-012-50,1
CT19-T2-016,CT19-T2-016-01,0
CT19-T2-016,CT19-T2-016-02,1
CT19-T2-016,CT19-T2-016-03,0
CT19-T2-016,CT19-T2-016-04,-1
CT19-T2-016,CT19-T2-016-05,1
CT19-T2-016,CT19-T2-016-06,1
CT19-T2-016,CT19-T2-016-07,1
CT19-T2-016,CT19-T2-016-08,0
CT19-T2-016,CT19-T2-016-09,1
CT19-T2-016,CT19-T2-016-10,1
CT19-T2-016,CT19-T2-016-11,0
CT19-T2-016,CT19-T2-016-12,0
CT19-T2-016,CT19-T2-016-13,1
CT19-T2-016,CT19-T2-016-14,1
CT19-T2-016,CT19-T2-016-15,1
CT19-T2-016,CT19-T2-016-16,0
CT19-T2-016,CT19-T2-016-17,1
CT19-T2-016,CT19-T2-016-18,0
CT19-T2-016,CT19-T2-016-19,0
CT19-T2-016,CT19-T2-016-20,0
CT19-T2-016,CT19-T2-016-21,-1
CT19-T2-016,CT19-T2-016-22,-1
CT19-T2-016,CT19-T2-016-23,0
CT19-T2-016,CT19-T2-016-24,1
CT19-T2-016,CT19-T2-016-25,0
CT19-T2-016,CT19-T2-016-26,1
CT19-T2-016,CT19-T2-016-27,0
CT19-T2-016,CT19-T2-016-28,1
CT19-T2-016,CT19-T2-016-29,-1
CT19-T2-016,CT19-T2-016-30,1
CT19-T2-016,CT19-T2-016-32,0
CT19-T2-016,CT19-T2-016-33,1
CT19-T2-016,CT19-T2-016-34,0
CT19-T2-016,CT19-T2-016-35,-1
CT19-T2-016,CT19-T2-016-36,1
CT19-T2-016,CT19-T2-016-37,0
CT19-T2-016,CT19-T2-016-38,1
CT19-T2-016,CT19-T2-016-39,-1
CT19-T2-016,CT19-T2-016-40,1
CT19-T2-016,CT19-T2-016-41,1
CT19-T2-016,CT19-T2-016-42,1
CT19-T2-016,CT19-T2-016-43,0
CT19-T2-016,CT19-T2-016-44,1
CT19-T2-016,CT19-T2-016-45,-1
CT19-T2-016,CT19-T2-016-46,0
CT19-T2-016,CT19-T2-016-47,-1
CT19-T2-016,CT19-T2-016-48,1
CT19-T2-016,CT19-T2-016-49,1
CT19-T2-016,CT19-T2-016-50,1
CT19-T2-017,CT19-T2-017-01,1
CT19-T2-017,CT19-T2-017-02,1
CT19-T2-017,CT19-T2-017-03,-1
CT19-T2-017,CT19-T2-017-04,0
CT19-T2-017,CT19-T2-017-05,-1
CT19-T2-017,CT19-T2-017-06,0
CT19-T2-017,CT19-T2-017-07,-1
CT19-T2-017,CT19-T2-017-08,1
CT19-T2-017,CT19-T2-017-09,-1
CT19-T2-017,CT19-T2-017-10,-1
CT19-T2-017,CT19-T2-017-11,1
CT19-T2-017,CT19-T2-017-12,-1
CT19-T2-017,CT19-T2-017-13,-1
CT19-T2-017,CT19-T2-017-14,-1
CT19-T2-017,CT19-T2-017-15,0
CT19-T2-017,CT19-T2-017-16,-1
CT19-T2-017,CT19-T2-017-17,-1
CT19-T2-017,CT19-T2-017-18,-1
CT19-T2-017,CT19-T2-017-19,-1
CT19-T2-017,CT19-T2-017-20,-1
CT19-T2-017,CT19-T2-017-21,-1
CT19-T2-017,CT19-T2-017-22,-1
CT19-T2-017,CT19-T2-017-23,-1
CT19-T2-017,CT19-T2-017-24,-1
CT19-T2-017,CT19-T2-017-25,-1
CT19-T2-017,CT19-T2-017-26,-1
CT19-T2-017,CT19-T2-017-27,-1
CT19-T2-017,CT19-T2-017-28,-1
CT19-T2-017,CT19-T2-017-29,-1
CT19-T2-017,CT19-T2-017-30,-1
CT19-T2-017,CT19-T2-017-31,-1
CT19-T2-017,CT19-T2-017-32,-1
CT19-T2-017,CT19-T2-017-33,-1
CT19-T2-017,CT19-T2-017-34,-1
CT19-T2-017,CT19-T2-017-35,-1
CT19-T2-017,CT19-T2-017-36,-1
CT19-T2-017,CT19-T2-017-37,-1
CT19-T2-017,CT19-T2-017-38,-1
CT19-T2-017,CT19-T2-017-39,-1
CT19-T2-017,CT19-T2-017-40,-1
CT19-T2-017,CT19-T2-017-41,-1
CT19-T2-017,CT19-T2-017-42,-1
CT19-T2-017,CT19-T2-017-43,-1
CT19-T2-017,CT19-T2-017-44,-1
CT19-T2-017,CT19-T2-017-45,-1
CT19-T2-017,CT19-T2-017-46,-1
CT19-T2-017,CT19-T2-017-47,-1
CT19-T2-017,CT19-T2-017-48,-1
CT19-T2-017,CT19-T2-017-49,-1
CT19-T2-017,CT19-T2-017-50,-1
CT19-T2-018,CT19-T2-018-01,1
CT19-T2-018,CT19-T2-018-02,1
CT19-T2-018,CT19-T2-018-03,1
CT19-T2-018,CT19-T2-018-04,-1
CT19-T2-018,CT19-T2-018-05,1
CT19-T2-018,CT19-T2-018-06,-1
CT19-T2-018,CT19-T2-018-07,1
CT19-T2-018,CT19-T2-018-09,-1
CT19-T2-018,CT19-T2-018-10,0
CT19-T2-018,CT19-T2-018-11,0
CT19-T2-018,CT19-T2-018-12,1
CT19-T2-018,CT19-T2-018-13,-1
CT19-T2-018,CT19-T2-018-14,-1
CT19-T2-018,CT19-T2-018-15,1
CT19-T2-018,CT19-T2-018-16,-1
CT19-T2-018,CT19-T2-018-17,1
CT19-T2-018,CT19-T2-018-18,-1
CT19-T2-018,CT19-T2-018-20,1
CT19-T2-018,CT19-T2-018-21,1
CT19-T2-018,CT19-T2-018-22,1
CT19-T2-018,CT19-T2-018-23,1
CT19-T2-018,CT19-T2-018-24,-1
CT19-T2-018,CT19-T2-018-25,0
CT19-T2-018,CT19-T2-018-26,-1
CT19-T2-018,CT19-T2-018-27,1
CT19-T2-018,CT19-T2-018-28,0
CT19-T2-018,CT19-T2-018-29,-1
CT19-T2-018,CT19-T2-018-30,1
CT19-T2-018,CT19-T2-018-31,0
CT19-T2-018,CT19-T2-018-32,-1
CT19-T2-018,CT19-T2-018-33,-1
CT19-T2-018,CT19-T2-018-34,-1
CT19-T2-018,CT19-T2-018-35,0
CT19-T2-018,CT19-T2-018-36,-1
CT19-T2-018,CT19-T2-018-37,-1
CT19-T2-018,CT19-T2-018-39,-1
CT19-T2-018,CT19-T2-018-40,-1
CT19-T2-018,CT19-T2-018-41,0
CT19-T2-018,CT19-T2-018-42,1
CT19-T2-018,CT19-T2-018-43,1
CT19-T2-018,CT19-T2-018-44,0
CT19-T2-018,CT19-T2-018-45,-1
CT19-T2-018,CT19-T2-018-46,0
CT19-T2-018,CT19-T2-018-47,-1
CT19-T2-018,CT19-T2-018-48,-1
CT19-T2-018,CT19-T2-018-49,-1
CT19-T2-018,CT19-T2-018-50,-1
CT19-T2-018,CT19-T2-018-51,-1
CT19-T2-018,CT19-T2-018-52,-1
CT19-T2-018,CT19-T2-018-53,-1
CT19-T2-019,CT19-T2-019-01,-1
CT19-T2-019,CT19-T2-019-02,-1
CT19-T2-019,CT19-T2-019-03,-1
CT19-T2-019,CT19-T2-019-04,0
CT19-T2-019,CT19-T2-019-05,-1
CT19-T2-019,CT19-T2-019-06,-1
CT19-T2-019,CT19-T2-019-07,-1
CT19-T2-019,CT19-T2-019-08,0
CT19-T2-019,CT19-T2-019-09,-1
CT19-T2-019,CT19-T2-019-10,0
CT19-T2-019,CT19-T2-019-11,0
CT19-T2-019,CT19-T2-019-12,-1
CT19-T2-019,CT19-T2-019-13,-1
CT19-T2-019,CT19-T2-019-14,-1
CT19-T2-019,CT19-T2-019-15,0
CT19-T2-019,CT19-T2-019-16,-1
CT19-T2-019,CT19-T2-019-17,0
CT19-T2-019,CT19-T2-019-18,1
CT19-T2-019,CT19-T2-019-19,-1
CT19-T2-019,CT19-T2-019-20,-1
CT19-T2-019,CT19-T2-019-21,-1
CT19-T2-019,CT19-T2-019-22,-1
CT19-T2-019,CT19-T2-019-23,-1
CT19-T2-019,CT19-T2-019-24,-1
CT19-T2-019,CT19-T2-019-25,-1
CT19-T2-019,CT19-T2-019-26,-1
CT19-T2-019,CT19-T2-019-27,-1
CT19-T2-019,CT19-T2-019-28,0
CT19-T2-019,CT19-T2-019-29,-1
CT19-T2-019,CT19-T2-019-30,-1
CT19-T2-019,CT19-T2-019-31,0
CT19-T2-019,CT19-T2-019-32,0
CT19-T2-019,CT19-T2-019-33,0
CT19-T2-019,CT19-T2-019-34,0
CT19-T2-019,CT19-T2-019-35,-1
CT19-T2-019,CT19-T2-019-36,-1
CT19-T2-019,CT19-T2-019-37,0
CT19-T2-019,CT19-T2-019-38,0
CT19-T2-019,CT19-T2-019-39,-1
CT19-T2-019,CT19-T2-019-40,-1
CT19-T2-019,CT19-T2-019-41,1
CT19-T2-019,CT19-T2-019-42,-1
CT19-T2-019,CT19-T2-019-43,0
CT19-T2-019,CT19-T2-019-44,1
CT19-T2-019,CT19-T2-019-45,-1
CT19-T2-019,CT19-T2-019-47,-1
CT19-T2-019,CT19-T2-019-48,-1
CT19-T2-019,CT19-T2-019-49,1
CT19-T2-019,CT19-T2-019-50,-1
CT19-T2-020,CT19-T2-020-01,1
CT19-T2-020,CT19-T2-020-02,1
CT19-T2-020,CT19-T2-020-03,1
CT19-T2-020,CT19-T2-020-04,1
CT19-T2-020,CT19-T2-020-05,0
CT19-T2-020,CT19-T2-020-06,1
CT19-T2-020,CT19-T2-020-07,0
CT19-T2-020,CT19-T2-020-08,0
CT19-T2-020,CT19-T2-020-09,1
CT19-T2-020,CT19-T2-020-10,0
CT19-T2-020,CT19-T2-020-11,1
CT19-T2-020,CT19-T2-020-12,1
CT19-T2-020,CT19-T2-020-13,1
CT19-T2-020,CT19-T2-020-14,1
CT19-T2-020,CT19-T2-020-15,0
CT19-T2-020,CT19-T2-020-16,1
CT19-T2-020,CT19-T2-020-17,1
CT19-T2-020,CT19-T2-020-18,1
CT19-T2-020,CT19-T2-020-19,1
CT19-T2-020,CT19-T2-020-20,1
CT19-T2-020,CT19-T2-020-21,1
CT19-T2-020,CT19-T2-020-22,1
CT19-T2-020,CT19-T2-020-23,1
CT19-T2-020,CT19-T2-020-24,1
CT19-T2-020,CT19-T2-020-25,1
CT19-T2-020,CT19-T2-020-26,1
CT19-T2-020,CT19-T2-020-27,1
CT19-T2-020,CT19-T2-020-28,1
CT19-T2-020,CT19-T2-020-29,1
CT19-T2-020,CT19-T2-020-30,1
CT19-T2-020,CT19-T2-020-31,1
CT19-T2-020,CT19-T2-020-32,1
CT19-T2-020,CT19-T2-020-34,1
CT19-T2-020,CT19-T2-020-35,1
CT19-T2-020,CT19-T2-020-36,1
CT19-T2-020,CT19-T2-020-37,1
CT19-T2-020,CT19-T2-020-38,1
CT19-T2-020,CT19-T2-020-39,1
CT19-T2-020,CT19-T2-020-40,1
CT19-T2-020,CT19-T2-020-41,1
CT19-T2-020,CT19-T2-020-42,1
CT19-T2-020,CT19-T2-020-43,1
CT19-T2-020,CT19-T2-020-44,1
CT19-T2-020,CT19-T2-020-45,1
CT19-T2-020,CT19-T2-020-46,1
CT19-T2-020,CT19-T2-020-47,1
CT19-T2-020,CT19-T2-020-48,1
CT19-T2-020,CT19-T2-020-49,-1
CT19-T2-020,CT19-T2-020-50,0
CT19-T2-021,CT19-T2-021-01,-1
CT19-T2-021,CT19-T2-021-02,1
CT19-T2-021,CT19-T2-021-03,1
CT19-T2-021,CT19-T2-021-04,1
CT19-T2-021,CT19-T2-021-05,1
CT19-T2-021,CT19-T2-021-06,0
CT19-T2-021,CT19-T2-021-07,1
CT19-T2-021,CT19-T2-021-08,-1
CT19-T2-021,CT19-T2-021-09,1
CT19-T2-021,CT19-T2-021-10,1
CT19-T2-021,CT19-T2-021-11,1
CT19-T2-021,CT19-T2-021-12,1
CT19-T2-021,CT19-T2-021-13,1
CT19-T2-021,CT19-T2-021-14,1
CT19-T2-021,CT19-T2-021-15,1
CT19-T2-021,CT19-T2-021-16,1
CT19-T2-021,CT19-T2-021-17,1
CT19-T2-021,CT19-T2-021-18,1
CT19-T2-021,CT19-T2-021-19,0
CT19-T2-021,CT19-T2-021-20,-1
CT19-T2-021,CT19-T2-021-21,-1
CT19-T2-021,CT19-T2-021-22,1
CT19-T2-021,CT19-T2-021-23,1
CT19-T2-021,CT19-T2-021-24,1
CT19-T2-021,CT19-T2-021-25,-1
CT19-T2-021,CT19-T2-021-26,0
CT19-T2-021,CT19-T2-021-27,1
CT19-T2-021,CT19-T2-021-28,0
CT19-T2-021,CT19-T2-021-29,1
CT19-T2-021,CT19-T2-021-30,1
CT19-T2-021,CT19-T2-021-31,1
CT19-T2-021,CT19-T2-021-32,-1
CT19-T2-021,CT19-T2-021-33,0
CT19-T2-021,CT19-T2-021-34,0
CT19-T2-021,CT19-T2-021-35,1
CT19-T2-021,CT19-T2-021-36,0
CT19-T2-021,CT19-T2-021-37,1
CT19-T2-021,CT19-T2-021-38,0
CT19-T2-021,CT19-T2-021-39,-1
CT19-T2-021,CT19-T2-021-40,-1
CT19-T2-021,CT19-T2-021-41,-1
CT19-T2-021,CT19-T2-021-42,0
CT19-T2-021,CT19-T2-021-44,-1
CT19-T2-022,CT19-T2-022-05,1
CT19-T2-022,CT19-T2-022-09,1
CT19-T2-022,CT19-T2-022-10,1
CT19-T2-022,CT19-T2-022-11,1
CT19-T2-022,CT19-T2-022-16,0
CT19-T2-022,CT19-T2-022-19,0
CT19-T2-022,CT19-T2-022-24,0
CT19-T2-022,CT19-T2-022-25,0
CT19-T2-022,CT19-T2-022-26,0
CT19-T2-022,CT19-T2-022-30,0
CT19-T2-022,CT19-T2-022-32,0
CT19-T2-022,CT19-T2-022-33,0
CT19-T2-022,CT19-T2-022-34,0
CT19-T2-022,CT19-T2-022-37,0
CT19-T2-022,CT19-T2-022-38,0
CT19-T2-022,CT19-T2-022-39,0
CT19-T2-022,CT19-T2-022-41,0
CT19-T2-022,CT19-T2-022-43,0
CT19-T2-022,CT19-T2-022-47,-1
CT19-T2-022,CT19-T2-022-49,0
CT19-T2-022,CT19-T2-022-52,0
CT19-T2-022,CT19-T2-022-53,-1
CT19-T2-022,CT19-T2-022-54,-1
CT19-T2-022,CT19-T2-022-55,0
CT19-T2-022,CT19-T2-022-60,-1
CT19-T2-022,CT19-T2-022-62,-1
CT19-T2-022,CT19-T2-022-63,-1
CT19-T2-022,CT19-T2-022-65,0
CT19-T2-022,CT19-T2-022-67,0
CT19-T2-022,CT19-T2-022-68,-1
CT19-T2-022,CT19-T2-022-69,-1
CT19-T2-022,CT19-T2-022-70,-1
CT19-T2-022,CT19-T2-022-71,-1
CT19-T2-022,CT19-T2-022-72,-1
CT19-T2-022,CT19-T2-022-74,-1
CT19-T2-022,CT19-T2-022-75,-1
CT19-T2-023,CT19-T2-023-01,1
CT19-T2-023,CT19-T2-023-02,1
CT19-T2-023,CT19-T2-023-03,0
CT19-T2-023,CT19-T2-023-04,0
CT19-T2-023,CT19-T2-023-05,0
CT19-T2-023,CT19-T2-023-06,0
CT19-T2-023,CT19-T2-023-07,1
CT19-T2-023,CT19-T2-023-08,0
CT19-T2-023,CT19-T2-023-09,1
CT19-T2-023,CT19-T2-023-10,1
CT19-T2-023,CT19-T2-023-11,-1
CT19-T2-023,CT19-T2-023-12,1
CT19-T2-023,CT19-T2-023-13,-1
CT19-T2-023,CT19-T2-023-14,0
CT19-T2-023,CT19-T2-023-15,0
CT19-T2-023,CT19-T2-023-16,-1
CT19-T2-023,CT19-T2-023-17,0
CT19-T2-023,CT19-T2-023-18,-1
CT19-T2-023,CT19-T2-023-19,-1
CT19-T2-023,CT19-T2-023-20,0
CT19-T2-023,CT19-T2-023-21,-1
CT19-T2-023,CT19-T2-023-22,-1
CT19-T2-023,CT19-T2-023-23,-1
CT19-T2-023,CT19-T2-023-24,-1
CT19-T2-023,CT19-T2-023-25,-1
CT19-T2-023,CT19-T2-023-26,-1
CT19-T2-023,CT19-T2-023-27,-1
CT19-T2-023,CT19-T2-023-28,-1
CT19-T2-023,CT19-T2-023-29,-1
CT19-T2-023,CT19-T2-023-30,-1
CT19-T2-023,CT19-T2-023-31,-1
CT19-T2-023,CT19-T2-023-32,-1
CT19-T2-023,CT19-T2-023-33,-1
CT19-T2-023,CT19-T2-023-34,-1
CT19-T2-023,CT19-T2-023-35,-1
CT19-T2-023,CT19-T2-023-36,-1
CT19-T2-023,CT19-T2-023-37,-1
CT19-T2-023,CT19-T2-023-38,-1
CT19-T2-023,CT19-T2-023-39,-1
CT19-T2-023,CT19-T2-023-40,-1
CT19-T2-023,CT19-T2-023-41,-1
CT19-T2-023,CT19-T2-023-42,-1
CT19-T2-023,CT19-T2-023-43,-1
CT19-T2-023,CT19-T2-023-44,-1
CT19-T2-024,CT19-T2-024-01,1
CT19-T2-024,CT19-T2-024-02,1
CT19-T2-024,CT19-T2-024-03,1
CT19-T2-024,CT19-T2-024-04,1
CT19-T2-024,CT19-T2-024-05,-1
CT19-T2-024,CT19-T2-024-06,1
CT19-T2-024,CT19-T2-024-08,0
CT19-T2-024,CT19-T2-024-09,1
CT19-T2-024,CT19-T2-024-10,0
CT19-T2-024,CT19-T2-024-11,-1
CT19-T2-024,CT19-T2-024-12,0
CT19-T2-024,CT19-T2-024-13,-1
CT19-T2-024,CT19-T2-024-14,-1
CT19-T2-024,CT19-T2-024-15,0
CT19-T2-024,CT19-T2-024-16,-1
CT19-T2-024,CT19-T2-024-17,-1
CT19-T2-024,CT19-T2-024-18,0
CT19-T2-024,CT19-T2-024-19,-1
CT19-T2-024,CT19-T2-024-20,-1
CT19-T2-024,CT19-T2-024-21,-1
CT19-T2-024,CT19-T2-024-22,-1
CT19-T2-024,CT19-T2-024-23,-1
CT19-T2-024,CT19-T2-024-24,-1
CT19-T2-024,CT19-T2-024-25,-1
CT19-T2-024,CT19-T2-024-26,-1
CT19-T2-024,CT19-T2-024-27,-1
CT19-T2-024,CT19-T2-024-28,-1
CT19-T2-024,CT19-T2-024-29,-1
CT19-T2-024,CT19-T2-024-30,-1
CT19-T2-024,CT19-T2-024-31,-1
CT19-T2-024,CT19-T2-024-32,-1
CT19-T2-024,CT19-T2-024-33,-1
CT19-T2-024,CT19-T2-024-34,-1
CT19-T2-024,CT19-T2-024-35,-1
CT19-T2-024,CT19-T2-024-36,-1
CT19-T2-024,CT19-T2-024-37,-1
CT19-T2-024,CT19-T2-024-38,-1
CT19-T2-024,CT19-T2-024-39,-1
CT19-T2-024,CT19-T2-024-40,-1
CT19-T2-024,CT19-T2-024-41,-1
CT19-T2-024,CT19-T2-024-42,-1
CT19-T2-024,CT19-T2-024-43,-1
CT19-T2-024,CT19-T2-024-44,-1
CT19-T2-024,CT19-T2-024-45,-1
CT19-T2-024,CT19-T2-024-46,-1
CT19-T2-024,CT19-T2-024-47,-1
CT19-T2-025,CT19-T2-025-01,1
CT19-T2-025,CT19-T2-025-02,1
CT19-T2-025,CT19-T2-025-03,1
CT19-T2-025,CT19-T2-025-04,1
CT19-T2-025,CT19-T2-025-05,1
CT19-T2-025,CT19-T2-025-06,1
CT19-T2-025,CT19-T2-025-07,1
CT19-T2-025,CT19-T2-025-08,1
CT19-T2-025,CT19-T2-025-09,1
CT19-T2-025,CT19-T2-025-10,1
CT19-T2-025,CT19-T2-025-11,1
CT19-T2-025,CT19-T2-025-12,1
CT19-T2-025,CT19-T2-025-13,1
CT19-T2-025,CT19-T2-025-14,1
CT19-T2-025,CT19-T2-025-15,1
CT19-T2-025,CT19-T2-025-16,-1
CT19-T2-025,CT19-T2-025-17,1
CT19-T2-025,CT19-T2-025-18,1
CT19-T2-025,CT19-T2-025-19,1
CT19-T2-025,CT19-T2-025-20,1
CT19-T2-025,CT19-T2-025-21,1
CT19-T2-025,CT19-T2-025-22,1
CT19-T2-025,CT19-T2-025-23,1
CT19-T2-025,CT19-T2-025-24,1
CT19-T2-025,CT19-T2-025-25,1
CT19-T2-025,CT19-T2-025-26,1
CT19-T2-025,CT19-T2-025-27,0
CT19-T2-025,CT19-T2-025-28,1
CT19-T2-025,CT19-T2-025-29,1
CT19-T2-025,CT19-T2-025-30,1
CT19-T2-025,CT19-T2-025-31,1
CT19-T2-025,CT19-T2-025-32,1
CT19-T2-025,CT19-T2-025-33,1
CT19-T2-025,CT19-T2-025-34,1
CT19-T2-025,CT19-T2-025-35,1
CT19-T2-025,CT19-T2-025-36,1
CT19-T2-025,CT19-T2-025-37,1
CT19-T2-025,CT19-T2-025-38,-1
CT19-T2-025,CT19-T2-025-39,1
CT19-T2-025,CT19-T2-025-40,1
CT19-T2-025,CT19-T2-025-41,1
CT19-T2-025,CT19-T2-025-42,1
CT19-T2-025,CT19-T2-025-43,1
CT19-T2-025,CT19-T2-025-44,1
CT19-T2-025,CT19-T2-025-45,1
CT19-T2-025,CT19-T2-025-46,1
CT19-T2-025,CT19-T2-025-47,1
CT19-T2-025,CT19-T2-025-48,1
CT19-T2-025,CT19-T2-025-49,1
CT19-T2-026,CT19-T2-026-01,0
CT19-T2-026,CT19-T2-026-02,-1
CT19-T2-026,CT19-T2-026-03,-1
CT19-T2-026,CT19-T2-026-04,0
CT19-T2-026,CT19-T2-026-05,0
CT19-T2-026,CT19-T2-026-06,-1
CT19-T2-026,CT19-T2-026-07,-1
CT19-T2-026,CT19-T2-026-08,1
CT19-T2-026,CT19-T2-026-09,1
CT19-T2-026,CT19-T2-026-10,-1
CT19-T2-026,CT19-T2-026-11,-1
CT19-T2-026,CT19-T2-026-12,-1
CT19-T2-026,CT19-T2-026-13,-1
CT19-T2-026,CT19-T2-026-14,0
CT19-T2-026,CT19-T2-026-15,-1
CT19-T2-026,CT19-T2-026-16,-1
CT19-T2-026,CT19-T2-026-18,-1
CT19-T2-026,CT19-T2-026-19,-1
CT19-T2-026,CT19-T2-026-20,-1
CT19-T2-026,CT19-T2-026-21,-1
CT19-T2-026,CT19-T2-026-22,0
CT19-T2-026,CT19-T2-026-23,-1
CT19-T2-026,CT19-T2-026-24,-1
CT19-T2-026,CT19-T2-026-25,-1
CT19-T2-026,CT19-T2-026-26,-1
CT19-T2-026,CT19-T2-026-27,-1
CT19-T2-026,CT19-T2-026-28,-1
CT19-T2-026,CT19-T2-026-29,-1
CT19-T2-026,CT19-T2-026-30,-1
CT19-T2-026,CT19-T2-026-31,-1
CT19-T2-026,CT19-T2-026-32,-1
CT19-T2-026,CT19-T2-026-33,-1
CT19-T2-026,CT19-T2-026-35,-1
CT19-T2-026,CT19-T2-026-36,-1
CT19-T2-026,CT19-T2-026-38,-1
CT19-T2-026,CT19-T2-026-39,-1
CT19-T2-026,CT19-T2-026-40,-1
CT19-T2-026,CT19-T2-026-41,-1
CT19-T2-026,CT19-T2-026-42,-1
CT19-T2-026,CT19-T2-026-43,-1
CT19-T2-026,CT19-T2-026-44,-1
CT19-T2-026,CT19-T2-026-45,-1
CT19-T2-026,CT19-T2-026-46,-1
CT19-T2-026,CT19-T2-026-47,-1
CT19-T2-026,CT19-T2-026-48,1
CT19-T2-026,CT19-T2-026-49,-1
CT19-T2-026,CT19-T2-026-50,-1
CT19-T2-026,CT19-T2-026-51,-1
CT19-T2-027,CT19-T2-027-01,0
CT19-T2-027,CT19-T2-027-02,0
CT19-T2-027,CT19-T2-027-03,0
CT19-T2-027,CT19-T2-027-04,-1
CT19-T2-027,CT19-T2-027-05,0
CT19-T2-027,CT19-T2-027-06,-1
CT19-T2-027,CT19-T2-027-07,1
CT19-T2-027,CT19-T2-027-08,0
CT19-T2-027,CT19-T2-027-09,1
CT19-T2-027,CT19-T2-027-10,0
CT19-T2-027,CT19-T2-027-11,-1
CT19-T2-027,CT19-T2-027-12,-1
CT19-T2-027,CT19-T2-027-13,1
CT19-T2-027,CT19-T2-027-14,-1
CT19-T2-027,CT19-T2-027-15,-1
CT19-T2-027,CT19-T2-027-16,1
CT19-T2-027,CT19-T2-027-17,1
CT19-T2-027,CT19-T2-027-18,-1
CT19-T2-027,CT19-T2-027-19,1
CT19-T2-027,CT19-T2-027-20,-1
CT19-T2-027,CT19-T2-027-21,0
CT19-T2-027,CT19-T2-027-23,-1
CT19-T2-027,CT19-T2-027-24,1
CT19-T2-027,CT19-T2-027-25,-1
CT19-T2-027,CT19-T2-027-26,-1
CT19-T2-027,CT19-T2-027-27,-1
CT19-T2-027,CT19-T2-027-28,-1
CT19-T2-027,CT19-T2-027-29,-1
CT19-T2-027,CT19-T2-027-30,-1
CT19-T2-027,CT19-T2-027-31,-1
CT19-T2-027,CT19-T2-027-32,-1
CT19-T2-027,CT19-T2-027-33,-1
CT19-T2-027,CT19-T2-027-34,-1
CT19-T2-027,CT19-T2-027-35,-1
CT19-T2-027,CT19-T2-027-36,-1
CT19-T2-027,CT19-T2-027-37,-1
CT19-T2-027,CT19-T2-027-38,-1
CT19-T2-027,CT19-T2-027-39,-1
CT19-T2-027,CT19-T2-027-41,-1
CT19-T2-027,CT19-T2-027-42,-1
CT19-T2-027,CT19-T2-027-43,-1
CT19-T2-027,CT19-T2-027-44,-1
CT19-T2-027,CT19-T2-027-45,-1
CT19-T2-027,CT19-T2-027-46,-1
CT19-T2-027,CT19-T2-027-47,-1
CT19-T2-027,CT19-T2-027-48,-1
CT19-T2-027,CT19-T2-027-49,-1
CT19-T2-027,CT19-T2-027-50,-1
CT19-T2-027,CT19-T2-027-51,-1
CT19-T2-027,CT19-T2-027-52,-1
CT19-T2-028,CT19-T2-028-01,0
CT19-T2-028,CT19-T2-028-02,0
CT19-T2-028,CT19-T2-028-03,1
CT19-T2-028,CT19-T2-028-04,0
CT19-T2-028,CT19-T2-028-05,1
CT19-T2-028,CT19-T2-028-06,0
CT19-T2-028,CT19-T2-028-07,-1
CT19-T2-028,CT19-T2-028-08,-1
CT19-T2-028,CT19-T2-028-09,1
CT19-T2-028,CT19-T2-028-10,-1
CT19-T2-028,CT19-T2-028-11,0
CT19-T2-028,CT19-T2-028-12,-1
CT19-T2-028,CT19-T2-028-13,-1
CT19-T2-028,CT19-T2-028-14,-1
CT19-T2-028,CT19-T2-028-15,-1
CT19-T2-028,CT19-T2-028-16,0
CT19-T2-028,CT19-T2-028-17,-1
CT19-T2-028,CT19-T2-028-18,-1
CT19-T2-028,CT19-T2-028-19,-1
CT19-T2-028,CT19-T2-028-20,-1
CT19-T2-028,CT19-T2-028-21,-1
CT19-T2-028,CT19-T2-028-22,-1
CT19-T2-028,CT19-T2-028-23,-1
CT19-T2-028,CT19-T2-028-24,1
CT19-T2-028,CT19-T2-028-25,0
CT19-T2-028,CT19-T2-028-26,-1
CT19-T2-028,CT19-T2-028-27,-1
CT19-T2-028,CT19-T2-028-28,-1
CT19-T2-028,CT19-T2-028-29,-1
CT19-T2-028,CT19-T2-028-30,-1
CT19-T2-028,CT19-T2-028-31,-1
CT19-T2-028,CT19-T2-028-32,-1
CT19-T2-028,CT19-T2-028-33,-1
CT19-T2-028,CT19-T2-028-34,0
CT19-T2-028,CT19-T2-028-35,-1
CT19-T2-028,CT19-T2-028-36,-1
CT19-T2-028,CT19-T2-028-37,-1
CT19-T2-028,CT19-T2-028-38,-1
CT19-T2-028,CT19-T2-028-39,-1
CT19-T2-028,CT19-T2-028-40,-1
CT19-T2-028,CT19-T2-028-41,-1
CT19-T2-028,CT19-T2-028-42,-1
CT19-T2-028,CT19-T2-028-43,-1
CT19-T2-028,CT19-T2-028-44,-1
CT19-T2-028,CT19-T2-028-45,-1
CT19-T2-028,CT19-T2-028-46,-1
CT19-T2-028,CT19-T2-028-47,-1
CT19-T2-028,CT19-T2-028-48,-1
CT19-T2-028,CT19-T2-028-49,-1
CT19-T2-028,CT19-T2-028-50,-1
CT19-T2-029,CT19-T2-029-01,1
CT19-T2-029,CT19-T2-029-02,1
CT19-T2-029,CT19-T2-029-03,1
CT19-T2-029,CT19-T2-029-04,1
CT19-T2-029,CT19-T2-029-05,1
CT19-T2-029,CT19-T2-029-06,1
CT19-T2-029,CT19-T2-029-07,-1
CT19-T2-029,CT19-T2-029-08,-1
CT19-T2-029,CT19-T2-029-09,0
CT19-T2-029,CT19-T2-029-10,1
CT19-T2-029,CT19-T2-029-12,-1
CT19-T2-029,CT19-T2-029-13,-1
CT19-T2-029,CT19-T2-029-14,-1
CT19-T2-029,CT19-T2-029-15,-1
CT19-T2-029,CT19-T2-029-16,-1
CT19-T2-029,CT19-T2-029-17,0
CT19-T2-029,CT19-T2-029-18,-1
CT19-T2-029,CT19-T2-029-19,-1
CT19-T2-029,CT19-T2-029-20,-1
CT19-T2-029,CT19-T2-029-21,-1
CT19-T2-029,CT19-T2-029-22,-1
CT19-T2-029,CT19-T2-029-23,-1
CT19-T2-029,CT19-T2-029-24,-1
CT19-T2-029,CT19-T2-029-25,-1
CT19-T2-029,CT19-T2-029-26,-1
CT19-T2-029,CT19-T2-029-27,-1
CT19-T2-029,CT19-T2-029-28,-1
CT19-T2-029,CT19-T2-029-29,-1
CT19-T2-029,CT19-T2-029-30,-1
CT19-T2-029,CT19-T2-029-31,-1
CT19-T2-029,CT19-T2-029-32,-1
CT19-T2-029,CT19-T2-029-33,-1
CT19-T2-029,CT19-T2-029-34,-1
CT19-T2-029,CT19-T2-029-35,1
CT19-T2-029,CT19-T2-029-36,1
CT19-T2-029,CT19-T2-029-37,-1
CT19-T2-029,CT19-T2-029-38,-1
CT19-T2-029,CT19-T2-029-39,-1
CT19-T2-029,CT19-T2-029-40,-1
CT19-T2-029,CT19-T2-029-41,-1
CT19-T2-029,CT19-T2-029-42,-1
CT19-T2-029,CT19-T2-029-43,-1
CT19-T2-029,CT19-T2-029-44,-1
CT19-T2-029,CT19-T2-029-45,-1
CT19-T2-029,CT19-T2-029-46,-1
CT19-T2-029,CT19-T2-029-47,-1
CT19-T2-029,CT19-T2-029-48,-1
CT19-T2-029,CT19-T2-029-49,-1
CT19-T2-029,CT19-T2-029-50,-1
CT19-T2-029,CT19-T2-029-51,-1
CT19-T2-030,CT19-T2-030-01,0
CT19-T2-030,CT19-T2-030-02,0
CT19-T2-030,CT19-T2-030-03,0
CT19-T2-030,CT19-T2-030-04,0
CT19-T2-030,CT19-T2-030-05,0
CT19-T2-030,CT19-T2-030-06,0
CT19-T2-030,CT19-T2-030-07,0
CT19-T2-030,CT19-T2-030-08,0
CT19-T2-030,CT19-T2-030-09,-1
CT19-T2-030,CT19-T2-030-10,0
CT19-T2-030,CT19-T2-030-11,-1
CT19-T2-030,CT19-T2-030-12,-1
CT19-T2-030,CT19-T2-030-13,0
CT19-T2-030,CT19-T2-030-14,1
CT19-T2-030,CT19-T2-030-15,0
CT19-T2-030,CT19-T2-030-16,-1
CT19-T2-030,CT19-T2-030-17,0
CT19-T2-030,CT19-T2-030-18,0
CT19-T2-030,CT19-T2-030-19,0
CT19-T2-030,CT19-T2-030-20,-1
CT19-T2-030,CT19-T2-030-21,0
CT19-T2-030,CT19-T2-030-22,0
CT19-T2-030,CT19-T2-030-23,0
CT19-T2-030,CT19-T2-030-24,-1
CT19-T2-030,CT19-T2-030-25,0
CT19-T2-030,CT19-T2-030-26,0
CT19-T2-030,CT19-T2-030-27,0
CT19-T2-030,CT19-T2-030-28,0
CT19-T2-030,CT19-T2-030-29,0
CT19-T2-030,CT19-T2-030-30,0
CT19-T2-030,CT19-T2-030-31,-1
CT19-T2-030,CT19-T2-030-32,0
CT19-T2-030,CT19-T2-030-33,-1
CT19-T2-030,CT19-T2-030-34,0
CT19-T2-030,CT19-T2-030-35,0
CT19-T2-030,CT19-T2-030-36,-1
CT19-T2-030,CT19-T2-030-37,0
CT19-T2-030,CT19-T2-030-38,-1
CT19-T2-030,CT19-T2-030-39,-1
CT19-T2-030,CT19-T2-030-40,-1
CT19-T2-030,CT19-T2-030-41,-1
CT19-T2-030,CT19-T2-030-42,-1
CT19-T2-030,CT19-T2-030-43,-1
CT19-T2-030,CT19-T2-030-44,-1
CT19-T2-030,CT19-T2-030-45,-1
CT19-T2-030,CT19-T2-030-46,-1
CT19-T2-030,CT19-T2-030-47,-1
CT19-T2-030,CT19-T2-030-48,-1
CT19-T2-030,CT19-T2-030-49,-1
CT19-T2-031,CT19-T2-031-01,0
CT19-T2-031,CT19-T2-031-02,1
CT19-T2-031,CT19-T2-031-03,0
CT19-T2-031,CT19-T2-031-04,1
CT19-T2-031,CT19-T2-031-05,-1
CT19-T2-031,CT19-T2-031-06,-1
CT19-T2-031,CT19-T2-031-07,1
CT19-T2-031,CT19-T2-031-08,0
CT19-T2-031,CT19-T2-031-09,-1
CT19-T2-031,CT19-T2-031-10,-1
CT19-T2-031,CT19-T2-031-11,-1
CT19-T2-031,CT19-T2-031-12,-1
CT19-T2-031,CT19-T2-031-13,-1
CT19-T2-031,CT19-T2-031-14,-1
CT19-T2-031,CT19-T2-031-15,-1
CT19-T2-031,CT19-T2-031-16,-1
CT19-T2-031,CT19-T2-031-17,-1
CT19-T2-031,CT19-T2-031-18,-1
CT19-T2-031,CT19-T2-031-19,-1
CT19-T2-031,CT19-T2-031-20,-1
CT19-T2-031,CT19-T2-031-21,-1
CT19-T2-031,CT19-T2-031-22,-1
CT19-T2-031,CT19-T2-031-23,-1
CT19-T2-031,CT19-T2-031-24,-1
CT19-T2-031,CT19-T2-031-26,-1
CT19-T2-031,CT19-T2-031-28,-1
CT19-T2-031,CT19-T2-031-29,-1
CT19-T2-031,CT19-T2-031-30,-1
CT19-T2-031,CT19-T2-031-31,-1
CT19-T2-031,CT19-T2-031-32,-1
CT19-T2-031,CT19-T2-031-33,-1
CT19-T2-031,CT19-T2-031-34,-1
CT19-T2-031,CT19-T2-031-35,-1
CT19-T2-031,CT19-T2-031-36,-1
CT19-T2-031,CT19-T2-031-37,-1
CT19-T2-031,CT19-T2-031-38,-1
CT19-T2-031,CT19-T2-031-39,-1
CT19-T2-031,CT19-T2-031-40,-1
CT19-T2-031,CT19-T2-031-41,-1
CT19-T2-031,CT19-T2-031-42,-1
CT19-T2-031,CT19-T2-031-43,-1
CT19-T2-031,CT19-T2-031-44,-1
CT19-T2-031,CT19-T2-031-45,-1
CT19-T2-031,CT19-T2-031-46,-1
CT19-T2-031,CT19-T2-031-47,-1
CT19-T2-033,CT19-T2-033-01,1
CT19-T2-033,CT19-T2-033-02,1
CT19-T2-033,CT19-T2-033-03,1
CT19-T2-033,CT19-T2-033-04,1
CT19-T2-033,CT19-T2-033-05,-1
CT19-T2-033,CT19-T2-033-06,-1
CT19-T2-033,CT19-T2-033-07,-1
CT19-T2-033,CT19-T2-033-08,-1
CT19-T2-033,CT19-T2-033-09,-1
CT19-T2-033,CT19-T2-033-10,-1
CT19-T2-033,CT19-T2-033-11,-1
CT19-T2-033,CT19-T2-033-12,-1
CT19-T2-033,CT19-T2-033-13,-1
CT19-T2-033,CT19-T2-033-14,-1
CT19-T2-033,CT19-T2-033-15,-1
CT19-T2-033,CT19-T2-033-16,-1
CT19-T2-033,CT19-T2-033-17,-1
CT19-T2-033,CT19-T2-033-18,-1
CT19-T2-033,CT19-T2-033-19,-1
CT19-T2-033,CT19-T2-033-20,-1
CT19-T2-033,CT19-T2-033-21,-1
CT19-T2-033,CT19-T2-033-22,-1
CT19-T2-033,CT19-T2-033-23,-1
CT19-T2-033,CT19-T2-033-24,-1
CT19-T2-033,CT19-T2-033-25,-1
CT19-T2-033,CT19-T2-033-26,-1
CT19-T2-033,CT19-T2-033-27,-1
CT19-T2-033,CT19-T2-033-28,-1
CT19-T2-033,CT19-T2-033-29,-1
CT19-T2-033,CT19-T2-033-30,-1
CT19-T2-033,CT19-T2-033-31,-1
CT19-T2-033,CT19-T2-033-33,-1
CT19-T2-033,CT19-T2-033-34,-1
CT19-T2-033,CT19-T2-033-35,-1
CT19-T2-033,CT19-T2-033-36,-1
CT19-T2-033,CT19-T2-033-37,-1
CT19-T2-034,CT19-T2-034-01,0
CT19-T2-034,CT19-T2-034-02,1
CT19-T2-034,CT19-T2-034-03,-1
CT19-T2-034,CT19-T2-034-04,0
CT19-T2-034,CT19-T2-034-05,-1
CT19-T2-034,CT19-T2-034-06,-1
CT19-T2-034,CT19-T2-034-07,-1
CT19-T2-034,CT19-T2-034-08,-1
CT19-T2-034,CT19-T2-034-09,-1
CT19-T2-034,CT19-T2-034-10,-1
CT19-T2-034,CT19-T2-034-11,-1
CT19-T2-034,CT19-T2-034-12,-1
CT19-T2-034,CT19-T2-034-14,-1
CT19-T2-034,CT19-T2-034-15,-1
CT19-T2-034,CT19-T2-034-17,-1
CT19-T2-034,CT19-T2-034-18,-1
CT19-T2-034,CT19-T2-034-19,-1
CT19-T2-034,CT19-T2-034-20,-1
CT19-T2-034,CT19-T2-034-21,-1
CT19-T2-034,CT19-T2-034-22,-1
CT19-T2-034,CT19-T2-034-23,-1
CT19-T2-034,CT19-T2-034-24,-1
CT19-T2-034,CT19-T2-034-25,-1
CT19-T2-034,CT19-T2-034-26,-1
CT19-T2-034,CT19-T2-034-27,-1
CT19-T2-034,CT19-T2-034-28,-1
CT19-T2-034,CT19-T2-034-29,-1
CT19-T2-034,CT19-T2-034-30,-1
CT19-T2-034,CT19-T2-034-31,-1
CT19-T2-034,CT19-T2-034-32,-1
CT19-T2-035,CT19-T2-035-01,1
CT19-T2-035,CT19-T2-035-02,-1
CT19-T2-035,CT19-T2-035-03,-1
CT19-T2-035,CT19-T2-035-04,-1
CT19-T2-035,CT19-T2-035-05,-1
CT19-T2-035,CT19-T2-035-06,-1
CT19-T2-035,CT19-T2-035-07,-1
CT19-T2-035,CT19-T2-035-08,-1
CT19-T2-035,CT19-T2-035-09,-1
CT19-T2-035,CT19-T2-035-10,-1
CT19-T2-035,CT19-T2-035-11,-1
CT19-T2-035,CT19-T2-035-12,-1
CT19-T2-035,CT19-T2-035-13,-1
CT19-T2-035,CT19-T2-035-14,-1
CT19-T2-035,CT19-T2-035-15,-1
CT19-T2-035,CT19-T2-035-16,-1
CT19-T2-035,CT19-T2-035-18,-1
CT19-T2-035,CT19-T2-035-19,-1
CT19-T2-035,CT19-T2-035-20,-1
CT19-T2-035,CT19-T2-035-21,-1
CT19-T2-035,CT19-T2-035-22,-1
CT19-T2-035,CT19-T2-035-23,-1
CT19-T2-035,CT19-T2-035-24,-1
CT19-T2-035,CT19-T2-035-25,-1
CT19-T2-035,CT19-T2-035-26,-1
CT19-T2-035,CT19-T2-035-27,-1
CT19-T2-035,CT19-T2-035-28,-1
CT19-T2-035,CT19-T2-035-29,-1
CT19-T2-035,CT19-T2-035-30,-1
CT19-T2-035,CT19-T2-035-31,-1
CT19-T2-035,CT19-T2-035-32,-1
CT19-T2-035,CT19-T2-035-33,-1
CT19-T2-035,CT19-T2-035-34,-1
CT19-T2-035,CT19-T2-035-35,-1
CT19-T2-035,CT19-T2-035-36,-1
CT19-T2-035,CT19-T2-035-38,-1
CT19-T2-035,CT19-T2-035-39,-1
CT19-T2-035,CT19-T2-035-40,-1
CT19-T2-035,CT19-T2-035-41,-1
CT19-T2-035,CT19-T2-035-42,-1
CT19-T2-035,CT19-T2-035-43,-1
CT19-T2-035,CT19-T2-035-44,-1
CT19-T2-035,CT19-T2-035-45,-1
CT19-T2-035,CT19-T2-035-46,-1
CT19-T2-035,CT19-T2-035-47,-1
CT19-T2-036,CT19-T2-036-01,0
CT19-T2-036,CT19-T2-036-02,1
CT19-T2-036,CT19-T2-036-03,1
CT19-T2-036,CT19-T2-036-04,0
CT19-T2-036,CT19-T2-036-05,1
CT19-T2-036,CT19-T2-036-06,0
CT19-T2-036,CT19-T2-036-07,1
CT19-T2-036,CT19-T2-036-08,1
CT19-T2-036,CT19-T2-036-09,1
CT19-T2-036,CT19-T2-036-10,0
CT19-T2-036,CT19-T2-036-11,1
CT19-T2-036,CT19-T2-036-12,0
CT19-T2-036,CT19-T2-036-13,0
CT19-T2-036,CT19-T2-036-14,-1
CT19-T2-036,CT19-T2-036-15,1
CT19-T2-036,CT19-T2-036-16,0
CT19-T2-036,CT19-T2-036-17,0
CT19-T2-036,CT19-T2-036-18,1
CT19-T2-036,CT19-T2-036-19,1
CT19-T2-036,CT19-T2-036-20,0
CT19-T2-036,CT19-T2-036-21,0
CT19-T2-036,CT19-T2-036-22,1
CT19-T2-036,CT19-T2-036-23,1
CT19-T2-036,CT19-T2-036-24,0
CT19-T2-036,CT19-T2-036-25,1
CT19-T2-036,CT19-T2-036-26,1
CT19-T2-036,CT19-T2-036-27,0
CT19-T2-036,CT19-T2-036-28,0
CT19-T2-036,CT19-T2-036-29,1
CT19-T2-036,CT19-T2-036-30,1
CT19-T2-036,CT19-T2-036-31,0
CT19-T2-036,CT19-T2-036-32,1
CT19-T2-036,CT19-T2-036-33,0
CT19-T2-036,CT19-T2-036-34,0
CT19-T2-036,CT19-T2-036-35,1
CT19-T2-036,CT19-T2-036-36,0
CT19-T2-036,CT19-T2-036-37,0
CT19-T2-036,CT19-T2-036-38,0
CT19-T2-036,CT19-T2-036-39,1
CT19-T2-036,CT19-T2-036-40,1
CT19-T2-036,CT19-T2-036-41,1
CT19-T2-036,CT19-T2-036-42,0
CT19-T2-036,CT19-T2-036-43,0
CT19-T2-036,CT19-T2-036-44,0
CT19-T2-036,CT19-T2-036-45,0
CT19-T2-036,CT19-T2-036-46,0
CT19-T2-036,CT19-T2-036-47,1
CT19-T2-036,CT19-T2-036-48,0
CT19-T2-036,CT19-T2-036-49,0
CT19-T2-036,CT19-T2-036-50,0
CT19-T2-037,CT19-T2-037-01,0
CT19-T2-037,CT19-T2-037-02,1
CT19-T2-037,CT19-T2-037-03,1
CT19-T2-037,CT19-T2-037-04,1
CT19-T2-037,CT19-T2-037-05,0
CT19-T2-037,CT19-T2-037-06,0
CT19-T2-037,CT19-T2-037-07,1
CT19-T2-037,CT19-T2-037-08,0
CT19-T2-037,CT19-T2-037-09,0
CT19-T2-037,CT19-T2-037-10,1
CT19-T2-037,CT19-T2-037-11,0
CT19-T2-037,CT19-T2-037-12,-1
CT19-T2-037,CT19-T2-037-13,1
CT19-T2-037,CT19-T2-037-14,1
CT19-T2-037,CT19-T2-037-15,0
CT19-T2-037,CT19-T2-037-16,0
CT19-T2-037,CT19-T2-037-17,1
CT19-T2-037,CT19-T2-037-18,1
CT19-T2-037,CT19-T2-037-19,1
CT19-T2-037,CT19-T2-037-20,1
CT19-T2-037,CT19-T2-037-23,0
CT19-T2-037,CT19-T2-037-24,0
CT19-T2-037,CT19-T2-037-25,1
CT19-T2-037,CT19-T2-037-26,0
CT19-T2-037,CT19-T2-037-27,0
CT19-T2-037,CT19-T2-037-29,1
CT19-T2-037,CT19-T2-037-30,0
CT19-T2-037,CT19-T2-037-31,0
CT19-T2-037,CT19-T2-037-32,1
CT19-T2-037,CT19-T2-037-33,0
CT19-T2-037,CT19-T2-037-34,1
CT19-T2-037,CT19-T2-037-35,0
CT19-T2-037,CT19-T2-037-36,-1
CT19-T2-037,CT19-T2-037-37,1
CT19-T2-037,CT19-T2-037-38,1
CT19-T2-037,CT19-T2-037-39,1
CT19-T2-037,CT19-T2-037-40,1
CT19-T2-037,CT19-T2-037-41,0
CT19-T2-037,CT19-T2-037-42,1
CT19-T2-037,CT19-T2-037-43,0
CT19-T2-037,CT19-T2-037-44,0
CT19-T2-037,CT19-T2-037-45,1
CT19-T2-037,CT19-T2-037-48,-1
CT19-T2-037,CT19-T2-037-49,-1
CT19-T2-037,CT19-T2-037-50,1
CT19-T2-037,CT19-T2-037-51,-1
CT19-T2-037,CT19-T2-037-52,1
CT19-T2-037,CT19-T2-037-53,1
CT19-T2-039,CT19-T2-039-01,1
CT19-T2-039,CT19-T2-039-02,1
CT19-T2-039,CT19-T2-039-03,1
CT19-T2-039,CT19-T2-039-04,1
CT19-T2-039,CT19-T2-039-05,1
CT19-T2-039,CT19-T2-039-06,1
CT19-T2-039,CT19-T2-039-07,1
CT19-T2-039,CT19-T2-039-08,1
CT19-T2-039,CT19-T2-039-09,1
CT19-T2-039,CT19-T2-039-10,1
CT19-T2-039,CT19-T2-039-11,0
CT19-T2-039,CT19-T2-039-12,1
CT19-T2-039,CT19-T2-039-13,1
CT19-T2-039,CT19-T2-039-14,1
CT19-T2-039,CT19-T2-039-15,1
CT19-T2-039,CT19-T2-039-16,1
CT19-T2-039,CT19-T2-039-17,1
CT19-T2-039,CT19-T2-039-18,1
CT19-T2-039,CT19-T2-039-19,1
CT19-T2-039,CT19-T2-039-20,0
CT19-T2-039,CT19-T2-039-21,1
CT19-T2-039,CT19-T2-039-22,1
CT19-T2-039,CT19-T2-039-23,1
CT19-T2-039,CT19-T2-039-24,1
CT19-T2-039,CT19-T2-039-25,1
CT19-T2-039,CT19-T2-039-26,1
CT19-T2-039,CT19-T2-039-27,1
CT19-T2-039,CT19-T2-039-28,0
CT19-T2-039,CT19-T2-039-29,1
CT19-T2-039,CT19-T2-039-30,1
CT19-T2-039,CT19-T2-039-31,1
CT19-T2-039,CT19-T2-039-32,1
CT19-T2-039,CT19-T2-039-33,0
CT19-T2-039,CT19-T2-039-34,0
CT19-T2-039,CT19-T2-039-35,0
CT19-T2-039,CT19-T2-039-36,0
CT19-T2-039,CT19-T2-039-37,0
CT19-T2-039,CT19-T2-039-38,1
CT19-T2-039,CT19-T2-039-39,0
CT19-T2-039,CT19-T2-039-40,1
CT19-T2-039,CT19-T2-039-41,1
CT19-T2-039,CT19-T2-039-42,1
CT19-T2-039,CT19-T2-039-43,1
CT19-T2-039,CT19-T2-039-44,1
CT19-T2-039,CT19-T2-039-45,0
CT19-T2-039,CT19-T2-039-46,0
CT19-T2-039,CT19-T2-039-47,1
CT19-T2-039,CT19-T2-039-48,0
CT19-T2-039,CT19-T2-039-49,1
CT19-T2-039,CT19-T2-039-50,1
CT19-T2-040,CT19-T2-040-01,1
CT19-T2-040,CT19-T2-040-02,-1
CT19-T2-040,CT19-T2-040-03,1
CT19-T2-040,CT19-T2-040-04,1
CT19-T2-040,CT19-T2-040-05,0
CT19-T2-040,CT19-T2-040-06,1
CT19-T2-040,CT19-T2-040-07,1
CT19-T2-040,CT19-T2-040-08,1
CT19-T2-040,CT19-T2-040-09,0
CT19-T2-040,CT19-T2-040-10,1
CT19-T2-040,CT19-T2-040-11,1
CT19-T2-040,CT19-T2-040-12,-1
CT19-T2-040,CT19-T2-040-13,0
CT19-T2-040,CT19-T2-040-14,0
CT19-T2-040,CT19-T2-040-15,1
CT19-T2-040,CT19-T2-040-16,-1
CT19-T2-040,CT19-T2-040-17,1
CT19-T2-040,CT19-T2-040-18,-1
CT19-T2-040,CT19-T2-040-19,-1
CT19-T2-040,CT19-T2-040-20,1
CT19-T2-040,CT19-T2-040-21,1
CT19-T2-040,CT19-T2-040-22,-1
CT19-T2-040,CT19-T2-040-23,-1
CT19-T2-040,CT19-T2-040-24,0
CT19-T2-040,CT19-T2-040-25,-1
CT19-T2-040,CT19-T2-040-26,1
CT19-T2-040,CT19-T2-040-27,-1
CT19-T2-040,CT19-T2-040-28,-1
CT19-T2-040,CT19-T2-040-29,0
CT19-T2-040,CT19-T2-040-30,-1
CT19-T2-040,CT19-T2-040-31,-1
CT19-T2-040,CT19-T2-040-32,-1
CT19-T2-040,CT19-T2-040-33,0
CT19-T2-040,CT19-T2-040-34,-1
CT19-T2-040,CT19-T2-040-35,-1
CT19-T2-040,CT19-T2-040-37,-1
CT19-T2-040,CT19-T2-040-38,-1
CT19-T2-040,CT19-T2-040-39,-1
CT19-T2-040,CT19-T2-040-40,-1
CT19-T2-040,CT19-T2-040-41,-1
CT19-T2-040,CT19-T2-040-42,-1
CT19-T2-040,CT19-T2-040-43,-1
CT19-T2-040,CT19-T2-040-44,-1
CT19-T2-040,CT19-T2-040-45,-1
CT19-T2-040,CT19-T2-040-46,-1
CT19-T2-040,CT19-T2-040-47,-1
CT19-T2-040,CT19-T2-040-48,-1
CT19-T2-040,CT19-T2-040-49,-1
CT19-T2-040,CT19-T2-040-50,-1
CT19-T2-041,CT19-T2-041-01,1
CT19-T2-041,CT19-T2-041-02,0
CT19-T2-041,CT19-T2-041-04,1
CT19-T2-041,CT19-T2-041-05,0
CT19-T2-041,CT19-T2-041-06,1
CT19-T2-041,CT19-T2-041-07,-1
CT19-T2-041,CT19-T2-041-08,-1
CT19-T2-041,CT19-T2-041-09,-1
CT19-T2-041,CT19-T2-041-10,-1
CT19-T2-041,CT19-T2-041-11,-1
CT19-T2-041,CT19-T2-041-12,-1
CT19-T2-041,CT19-T2-041-13,-1
CT19-T2-041,CT19-T2-041-14,-1
CT19-T2-041,CT19-T2-041-15,-1
CT19-T2-041,CT19-T2-041-16,-1
CT19-T2-041,CT19-T2-041-17,-1
CT19-T2-041,CT19-T2-041-18,-1
CT19-T2-041,CT19-T2-041-19,-1
CT19-T2-041,CT19-T2-041-20,-1
CT19-T2-041,CT19-T2-041-21,-1
CT19-T2-041,CT19-T2-041-22,-1
CT19-T2-041,CT19-T2-041-23,-1
CT19-T2-041,CT19-T2-041-24,-1
CT19-T2-041,CT19-T2-041-25,-1
CT19-T2-041,CT19-T2-041-26,-1
CT19-T2-041,CT19-T2-041-27,-1
CT19-T2-041,CT19-T2-041-28,-1
CT19-T2-041,CT19-T2-041-29,-1
CT19-T2-041,CT19-T2-041-30,-1
CT19-T2-041,CT19-T2-041-31,-1
CT19-T2-041,CT19-T2-041-32,-1
CT19-T2-041,CT19-T2-041-33,-1
CT19-T2-041,CT19-T2-041-34,-1
CT19-T2-041,CT19-T2-041-35,-1
CT19-T2-041,CT19-T2-041-36,-1
CT19-T2-041,CT19-T2-041-37,-1
CT19-T2-041,CT19-T2-041-38,-1
CT19-T2-041,CT19-T2-041-39,-1
CT19-T2-041,CT19-T2-041-40,-1
CT19-T2-041,CT19-T2-041-41,-1
CT19-T2-041,CT19-T2-041-42,-1
CT19-T2-041,CT19-T2-041-43,-1
CT19-T2-042,CT19-T2-042-01,0
CT19-T2-042,CT19-T2-042-02,1
CT19-T2-042,CT19-T2-042-03,0
CT19-T2-042,CT19-T2-042-04,1
CT19-T2-042,CT19-T2-042-05,-1
CT19-T2-042,CT19-T2-042-06,-1
CT19-T2-042,CT19-T2-042-07,1
CT19-T2-042,CT19-T2-042-08,1
CT19-T2-042,CT19-T2-042-09,0
CT19-T2-042,CT19-T2-042-10,-1
CT19-T2-042,CT19-T2-042-11,1
CT19-T2-042,CT19-T2-042-12,1
CT19-T2-042,CT19-T2-042-13,1
CT19-T2-042,CT19-T2-042-14,-1
CT19-T2-042,CT19-T2-042-15,-1
CT19-T2-042,CT19-T2-042-16,1
CT19-T2-042,CT19-T2-042-17,1
CT19-T2-042,CT19-T2-042-18,0
CT19-T2-042,CT19-T2-042-19,-1
CT19-T2-042,CT19-T2-042-20,-1
CT19-T2-042,CT19-T2-042-21,-1
CT19-T2-042,CT19-T2-042-22,0
CT19-T2-042,CT19-T2-042-23,-1
CT19-T2-042,CT19-T2-042-24,1
CT19-T2-042,CT19-T2-042-25,1
CT19-T2-042,CT19-T2-042-26,-1
CT19-T2-042,CT19-T2-042-27,-1
CT19-T2-042,CT19-T2-042-29,-1
CT19-T2-042,CT19-T2-042-30,-1
CT19-T2-043,CT19-T2-043-01,0
CT19-T2-043,CT19-T2-043-02,0
CT19-T2-043,CT19-T2-043-03,0
CT19-T2-043,CT19-T2-043-04,0
CT19-T2-043,CT19-T2-043-05,1
CT19-T2-043,CT19-T2-043-06,1
CT19-T2-043,CT19-T2-043-07,0
CT19-T2-043,CT19-T2-043-08,0
CT19-T2-043,CT19-T2-043-09,0
CT19-T2-043,CT19-T2-043-10,0
CT19-T2-043,CT19-T2-043-11,1
CT19-T2-043,CT19-T2-043-12,1
CT19-T2-043,CT19-T2-043-13,0
CT19-T2-043,CT19-T2-043-14,-1
CT19-T2-043,CT19-T2-043-15,0
CT19-T2-043,CT19-T2-043-16,1
CT19-T2-043,CT19-T2-043-17,0
CT19-T2-043,CT19-T2-043-18,0
CT19-T2-043,CT19-T2-043-19,0
CT19-T2-043,CT19-T2-043-20,0
CT19-T2-043,CT19-T2-043-21,-1
CT19-T2-043,CT19-T2-043-22,0
CT19-T2-043,CT19-T2-043-23,0
CT19-T2-043,CT19-T2-043-24,0
CT19-T2-043,CT19-T2-043-25,0
CT19-T2-043,CT19-T2-043-26,-1
CT19-T2-043,CT19-T2-043-27,-1
CT19-T2-043,CT19-T2-043-28,0
CT19-T2-043,CT19-T2-043-29,0
CT19-T2-043,CT19-T2-043-30,1
CT19-T2-043,CT19-T2-043-31,0
CT19-T2-043,CT19-T2-043-32,0
CT19-T2-043,CT19-T2-043-33,-1
CT19-T2-043,CT19-T2-043-34,-1
CT19-T2-043,CT19-T2-043-35,0
CT19-T2-043,CT19-T2-043-36,0
CT19-T2-043,CT19-T2-043-37,0
CT19-T2-043,CT19-T2-043-38,0
CT19-T2-043,CT19-T2-043-39,-1
CT19-T2-043,CT19-T2-043-40,-1
CT19-T2-043,CT19-T2-043-41,-1
CT19-T2-043,CT19-T2-043-42,-1
CT19-T2-043,CT19-T2-043-43,-1
CT19-T2-043,CT19-T2-043-44,0
CT19-T2-043,CT19-T2-043-45,-1
CT19-T2-043,CT19-T2-043-46,1
CT19-T2-043,CT19-T2-043-47,-1
CT19-T2-043,CT19-T2-043-48,0
CT19-T2-043,CT19-T2-043-49,0
CT19-T2-043,CT19-T2-043-50,0
CT19-T2-044,CT19-T2-044-01,1
CT19-T2-044,CT19-T2-044-02,1
CT19-T2-044,CT19-T2-044-03,1
CT19-T2-044,CT19-T2-044-04,-1
CT19-T2-044,CT19-T2-044-05,-1
CT19-T2-044,CT19-T2-044-06,-1
CT19-T2-044,CT19-T2-044-08,-1
CT19-T2-044,CT19-T2-044-09,-1
CT19-T2-044,CT19-T2-044-10,-1
CT19-T2-044,CT19-T2-044-11,-1
CT19-T2-044,CT19-T2-044-12,-1
CT19-T2-044,CT19-T2-044-13,-1
CT19-T2-044,CT19-T2-044-14,-1
CT19-T2-044,CT19-T2-044-15,-1
CT19-T2-044,CT19-T2-044-16,-1
CT19-T2-044,CT19-T2-044-17,-1
CT19-T2-044,CT19-T2-044-18,-1
CT19-T2-044,CT19-T2-044-19,-1
CT19-T2-044,CT19-T2-044-20,-1
CT19-T2-044,CT19-T2-044-21,-1
CT19-T2-044,CT19-T2-044-22,-1
CT19-T2-044,CT19-T2-044-23,-1
CT19-T2-044,CT19-T2-044-24,-1
CT19-T2-044,CT19-T2-044-25,-1
CT19-T2-044,CT19-T2-044-26,-1
CT19-T2-044,CT19-T2-044-27,-1
CT19-T2-044,CT19-T2-044-28,-1
CT19-T2-044,CT19-T2-044-29,-1
CT19-T2-044,CT19-T2-044-30,-1
CT19-T2-044,CT19-T2-044-31,-1
CT19-T2-044,CT19-T2-044-32,-1
CT19-T2-044,CT19-T2-044-33,-1
CT19-T2-044,CT19-T2-044-34,-1
CT19-T2-044,CT19-T2-044-35,-1
CT19-T2-044,CT19-T2-044-36,-1
CT19-T2-044,CT19-T2-044-37,-1
CT19-T2-044,CT19-T2-044-38,-1
CT19-T2-044,CT19-T2-044-39,-1
CT19-T2-044,CT19-T2-044-40,-1
CT19-T2-044,CT19-T2-044-41,-1
CT19-T2-044,CT19-T2-044-42,-1
CT19-T2-044,CT19-T2-044-43,-1
CT19-T2-044,CT19-T2-044-44,-1
CT19-T2-044,CT19-T2-044-45,-1
CT19-T2-044,CT19-T2-044-46,-1
CT19-T2-044,CT19-T2-044-47,-1
CT19-T2-044,CT19-T2-044-48,-1
CT19-T2-044,CT19-T2-044-49,-1
CT19-T2-044,CT19-T2-044-50,-1
CT19-T2-045,CT19-T2-045-01,0
CT19-T2-045,CT19-T2-045-02,0
CT19-T2-045,CT19-T2-045-03,0
CT19-T2-045,CT19-T2-045-04,1
CT19-T2-045,CT19-T2-045-05,-1
CT19-T2-045,CT19-T2-045-06,-1
CT19-T2-045,CT19-T2-045-07,-1
CT19-T2-045,CT19-T2-045-08,0
CT19-T2-045,CT19-T2-045-09,0
CT19-T2-045,CT19-T2-045-10,-1
CT19-T2-045,CT19-T2-045-11,1
CT19-T2-045,CT19-T2-045-12,0
CT19-T2-045,CT19-T2-045-13,-1
CT19-T2-045,CT19-T2-045-14,-1
CT19-T2-045,CT19-T2-045-15,-1
CT19-T2-045,CT19-T2-045-16,-1
CT19-T2-045,CT19-T2-045-17,-1
CT19-T2-045,CT19-T2-045-18,-1
CT19-T2-045,CT19-T2-045-19,-1
CT19-T2-045,CT19-T2-045-20,-1
CT19-T2-045,CT19-T2-045-21,-1
CT19-T2-045,CT19-T2-045-22,-1
CT19-T2-045,CT19-T2-045-23,-1
CT19-T2-045,CT19-T2-045-24,-1
CT19-T2-045,CT19-T2-045-25,1
CT19-T2-045,CT19-T2-045-26,-1
CT19-T2-045,CT19-T2-045-27,0
CT19-T2-045,CT19-T2-045-28,-1
CT19-T2-045,CT19-T2-045-29,-1
CT19-T2-045,CT19-T2-045-30,-1
CT19-T2-045,CT19-T2-045-31,0
CT19-T2-045,CT19-T2-045-32,-1
CT19-T2-045,CT19-T2-045-33,0
CT19-T2-045,CT19-T2-045-34,-1
CT19-T2-045,CT19-T2-045-35,-1
CT19-T2-045,CT19-T2-045-36,-1
CT19-T2-045,CT19-T2-045-37,-1
CT19-T2-045,CT19-T2-045-38,-1
CT19-T2-045,CT19-T2-045-39,-1
CT19-T2-045,CT19-T2-045-40,-1
CT19-T2-045,CT19-T2-045-41,-1
CT19-T2-045,CT19-T2-045-42,-1
CT19-T2-045,CT19-T2-045-43,-1
CT19-T2-045,CT19-T2-045-44,1
CT19-T2-045,CT19-T2-045-45,-1
CT19-T2-045,CT19-T2-045-46,1
CT19-T2-045,CT19-T2-045-47,-1
CT19-T2-045,CT19-T2-045-48,-1
CT19-T2-045,CT19-T2-045-49,-1
CT19-T2-045,CT19-T2-045-50,-1
CT19-T2-046,CT19-T2-046-01,1
CT19-T2-046,CT19-T2-046-02,1
CT19-T2-046,CT19-T2-046-03,1
CT19-T2-046,CT19-T2-046-04,1
CT19-T2-046,CT19-T2-046-05,1
CT19-T2-046,CT19-T2-046-06,1
CT19-T2-046,CT19-T2-046-07,1
CT19-T2-046,CT19-T2-046-08,1
CT19-T2-046,CT19-T2-046-09,1
CT19-T2-046,CT19-T2-046-10,1
CT19-T2-046,CT19-T2-046-11,1
CT19-T2-046,CT19-T2-046-12,1
CT19-T2-046,CT19-T2-046-13,1
CT19-T2-046,CT19-T2-046-14,1
CT19-T2-046,CT19-T2-046-15,1
CT19-T2-046,CT19-T2-046-16,1
CT19-T2-046,CT19-T2-046-17,-1
CT19-T2-046,CT19-T2-046-18,-1
CT19-T2-046,CT19-T2-046-19,-1
CT19-T2-046,CT19-T2-046-20,0
CT19-T2-046,CT19-T2-046-21,1
CT19-T2-046,CT19-T2-046-22,1
CT19-T2-046,CT19-T2-046-23,1
CT19-T2-046,CT19-T2-046-24,-1
CT19-T2-046,CT19-T2-046-25,1
CT19-T2-046,CT19-T2-046-26,1
CT19-T2-046,CT19-T2-046-27,1
CT19-T2-046,CT19-T2-046-28,1
CT19-T2-046,CT19-T2-046-29,-1
CT19-T2-046,CT19-T2-046-30,-1
CT19-T2-046,CT19-T2-046-31,1
CT19-T2-046,CT19-T2-046-32,0
CT19-T2-046,CT19-T2-046-33,1
CT19-T2-046,CT19-T2-046-34,1
CT19-T2-046,CT19-T2-046-35,1
CT19-T2-046,CT19-T2-046-36,1
CT19-T2-046,CT19-T2-046-37,-1
CT19-T2-046,CT19-T2-046-38,1
CT19-T2-046,CT19-T2-046-39,-1
CT19-T2-046,CT19-T2-046-40,-1
CT19-T2-046,CT19-T2-046-41,1
CT19-T2-046,CT19-T2-046-42,1
CT19-T2-046,CT19-T2-046-43,-1
CT19-T2-046,CT19-T2-046-44,-1
CT19-T2-046,CT19-T2-046-45,-1
CT19-T2-046,CT19-T2-046-46,-1
CT19-T2-046,CT19-T2-046-47,-1
CT19-T2-046,CT19-T2-046-48,-1
CT19-T2-046,CT19-T2-046-49,-1
CT19-T2-046,CT19-T2-046-50,-1
CT19-T2-047,CT19-T2-047-01,1
CT19-T2-047,CT19-T2-047-02,1
CT19-T2-047,CT19-T2-047-03,1
CT19-T2-047,CT19-T2-047-04,-1
CT19-T2-047,CT19-T2-047-05,-1
CT19-T2-047,CT19-T2-047-06,-1
CT19-T2-047,CT19-T2-047-07,-1
CT19-T2-047,CT19-T2-047-08,-1
CT19-T2-047,CT19-T2-047-09,-1
CT19-T2-047,CT19-T2-047-10,-1
CT19-T2-047,CT19-T2-047-11,-1
CT19-T2-047,CT19-T2-047-12,-1
CT19-T2-047,CT19-T2-047-13,-1
CT19-T2-047,CT19-T2-047-14,-1
CT19-T2-047,CT19-T2-047-15,-1
CT19-T2-047,CT19-T2-047-16,-1
CT19-T2-047,CT19-T2-047-17,-1
CT19-T2-047,CT19-T2-047-18,-1
CT19-T2-047,CT19-T2-047-19,-1
CT19-T2-047,CT19-T2-047-20,-1
CT19-T2-047,CT19-T2-047-21,-1
CT19-T2-047,CT19-T2-047-22,-1
CT19-T2-047,CT19-T2-047-23,-1
CT19-T2-047,CT19-T2-047-24,-1
CT19-T2-047,CT19-T2-047-25,-1
CT19-T2-047,CT19-T2-047-26,-1
CT19-T2-047,CT19-T2-047-28,-1
CT19-T2-047,CT19-T2-047-29,-1
CT19-T2-047,CT19-T2-047-30,-1
CT19-T2-047,CT19-T2-047-31,-1
CT19-T2-047,CT19-T2-047-32,-1
CT19-T2-047,CT19-T2-047-33,-1
CT19-T2-047,CT19-T2-047-35,-1
CT19-T2-047,CT19-T2-047-36,-1
CT19-T2-047,CT19-T2-047-37,-1
CT19-T2-047,CT19-T2-047-38,-1
CT19-T2-047,CT19-T2-047-39,-1
CT19-T2-047,CT19-T2-047-40,-1
CT19-T2-048,CT19-T2-048-01,0
CT19-T2-048,CT19-T2-048-02,0
CT19-T2-048,CT19-T2-048-03,0
CT19-T2-048,CT19-T2-048-04,0
CT19-T2-048,CT19-T2-048-05,0
CT19-T2-048,CT19-T2-048-06,0
CT19-T2-048,CT19-T2-048-07,1
CT19-T2-048,CT19-T2-048-08,1
CT19-T2-048,CT19-T2-048-09,0
CT19-T2-048,CT19-T2-048-10,0
CT19-T2-048,CT19-T2-048-11,0
CT19-T2-048,CT19-T2-048-12,0
CT19-T2-048,CT19-T2-048-13,-1
CT19-T2-048,CT19-T2-048-14,0
CT19-T2-048,CT19-T2-048-15,-1
CT19-T2-048,CT19-T2-048-16,-1
CT19-T2-048,CT19-T2-048-17,1
CT19-T2-048,CT19-T2-048-18,0
CT19-T2-048,CT19-T2-048-19,0
CT19-T2-048,CT19-T2-048-20,-1
CT19-T2-048,CT19-T2-048-21,-1
CT19-T2-048,CT19-T2-048-22,0
CT19-T2-048,CT19-T2-048-23,0
CT19-T2-048,CT19-T2-048-24,-1
CT19-T2-048,CT19-T2-048-25,-1
CT19-T2-048,CT19-T2-048-26,-1
CT19-T2-048,CT19-T2-048-27,0
CT19-T2-048,CT19-T2-048-28,-1
CT19-T2-048,CT19-T2-048-29,0
CT19-T2-048,CT19-T2-048-30,0
CT19-T2-048,CT19-T2-048-31,-1
CT19-T2-048,CT19-T2-048-32,0
CT19-T2-048,CT19-T2-048-33,-1
CT19-T2-048,CT19-T2-048-34,0
CT19-T2-048,CT19-T2-048-35,-1
CT19-T2-048,CT19-T2-048-36,0
CT19-T2-048,CT19-T2-048-37,-1
CT19-T2-048,CT19-T2-048-38,-1
CT19-T2-048,CT19-T2-048-39,0
CT19-T2-048,CT19-T2-048-40,-1
CT19-T2-048,CT19-T2-048-41,1
CT19-T2-048,CT19-T2-048-42,0
CT19-T2-048,CT19-T2-048-43,-1
CT19-T2-048,CT19-T2-048-44,-1
CT19-T2-048,CT19-T2-048-45,-1
CT19-T2-048,CT19-T2-048-46,-1
CT19-T2-048,CT19-T2-048-47,-1
CT19-T2-048,CT19-T2-048-48,-1
CT19-T2-048,CT19-T2-048-49,-1
CT19-T2-048,CT19-T2-048-50,-1
CT19-T2-050,CT19-T2-050-01,1
CT19-T2-050,CT19-T2-050-02,1
CT19-T2-050,CT19-T2-050-03,1
CT19-T2-050,CT19-T2-050-04,0
CT19-T2-050,CT19-T2-050-05,0
CT19-T2-050,CT19-T2-050-06,-1
CT19-T2-050,CT19-T2-050-07,0
CT19-T2-050,CT19-T2-050-08,1
CT19-T2-050,CT19-T2-050-09,1
CT19-T2-050,CT19-T2-050-11,-1
CT19-T2-050,CT19-T2-050-12,1
CT19-T2-050,CT19-T2-050-13,1
CT19-T2-050,CT19-T2-050-14,1
CT19-T2-050,CT19-T2-050-16,0
CT19-T2-050,CT19-T2-050-17,0
CT19-T2-050,CT19-T2-050-19,0
CT19-T2-050,CT19-T2-050-20,0
CT19-T2-050,CT19-T2-050-21,0
CT19-T2-050,CT19-T2-050-23,-1
CT19-T2-050,CT19-T2-050-24,0
CT19-T2-050,CT19-T2-050-26,-1
CT19-T2-050,CT19-T2-050-27,-1
CT19-T2-050,CT19-T2-050-30,-1
CT19-T2-050,CT19-T2-050-31,-1
CT19-T2-050,CT19-T2-050-35,-1
CT19-T2-052,CT19-T2-052-01,0
CT19-T2-052,CT19-T2-052-02,0
CT19-T2-052,CT19-T2-052-03,0
CT19-T2-052,CT19-T2-052-04,0
CT19-T2-052,CT19-T2-052-05,0
CT19-T2-052,CT19-T2-052-06,0
CT19-T2-052,CT19-T2-052-07,-1
CT19-T2-052,CT19-T2-052-08,0
CT19-T2-052,CT19-T2-052-09,-1
CT19-T2-052,CT19-T2-052-10,0
CT19-T2-052,CT19-T2-052-11,0
CT19-T2-052,CT19-T2-052-12,1
CT19-T2-052,CT19-T2-052-13,1
CT19-T2-052,CT19-T2-052-14,0
CT19-T2-052,CT19-T2-052-15,0
CT19-T2-052,CT19-T2-052-16,0
CT19-T2-052,CT19-T2-052-17,0
CT19-T2-052,CT19-T2-052-18,0
CT19-T2-052,CT19-T2-052-19,-1
CT19-T2-052,CT19-T2-052-20,-1
CT19-T2-052,CT19-T2-052-21,0
CT19-T2-052,CT19-T2-052-22,1
CT19-T2-052,CT19-T2-052-23,0
CT19-T2-052,CT19-T2-052-24,0
CT19-T2-052,CT19-T2-052-25,0
CT19-T2-052,CT19-T2-052-26,0
CT19-T2-052,CT19-T2-052-27,0
CT19-T2-052,CT19-T2-052-28,0
CT19-T2-052,CT19-T2-052-29,0
CT19-T2-052,CT19-T2-052-30,0
CT19-T2-052,CT19-T2-052-31,0
CT19-T2-052,CT19-T2-052-32,-1
CT19-T2-052,CT19-T2-052-33,-1
CT19-T2-052,CT19-T2-052-34,0
CT19-T2-052,CT19-T2-052-35,-1
CT19-T2-052,CT19-T2-052-36,-1
CT19-T2-052,CT19-T2-052-37,-1
CT19-T2-052,CT19-T2-052-38,0
CT19-T2-052,CT19-T2-052-39,-1
CT19-T2-052,CT19-T2-052-40,-1
CT19-T2-052,CT19-T2-052-41,-1
CT19-T2-052,CT19-T2-052-42,-1
CT19-T2-052,CT19-T2-052-43,-1
CT19-T2-052,CT19-T2-052-45,-1
CT19-T2-052,CT19-T2-052-46,-1
CT19-T2-052,CT19-T2-052-47,-1
CT19-T2-052,CT19-T2-052-48,-1
CT19-T2-052,CT19-T2-052-49,-1
CT19-T2-052,CT19-T2-052-50,-1
CT19-T2-053,CT19-T2-053-01,0
CT19-T2-053,CT19-T2-053-02,0
CT19-T2-053,CT19-T2-053-03,0
CT19-T2-053,CT19-T2-053-04,1
CT19-T2-053,CT19-T2-053-05,0
CT19-T2-053,CT19-T2-053-06,1
CT19-T2-053,CT19-T2-053-07,1
CT19-T2-053,CT19-T2-053-08,0
CT19-T2-053,CT19-T2-053-09,0
CT19-T2-053,CT19-T2-053-10,0
CT19-T2-053,CT19-T2-053-11,0
CT19-T2-053,CT19-T2-053-12,0
CT19-T2-053,CT19-T2-053-13,0
CT19-T2-053,CT19-T2-053-14,0
CT19-T2-053,CT19-T2-053-15,0
CT19-T2-053,CT19-T2-053-16,0
CT19-T2-053,CT19-T2-053-17,0
CT19-T2-053,CT19-T2-053-18,0
CT19-T2-053,CT19-T2-053-19,1
CT19-T2-053,CT19-T2-053-20,1
CT19-T2-053,CT19-T2-053-21,0
CT19-T2-053,CT19-T2-053-22,1
CT19-T2-053,CT19-T2-053-23,-1
CT19-T2-053,CT19-T2-053-25,0
CT19-T2-053,CT19-T2-053-26,0
CT19-T2-053,CT19-T2-053-27,0
CT19-T2-053,CT19-T2-053-28,1
CT19-T2-053,CT19-T2-053-29,0
CT19-T2-053,CT19-T2-053-30,0
CT19-T2-053,CT19-T2-053-31,0
CT19-T2-053,CT19-T2-053-32,0
CT19-T2-053,CT19-T2-053-33,0
CT19-T2-053,CT19-T2-053-34,0
CT19-T2-053,CT19-T2-053-35,0
CT19-T2-053,CT19-T2-053-36,0
CT19-T2-053,CT19-T2-053-37,0
CT19-T2-053,CT19-T2-053-38,0
CT19-T2-053,CT19-T2-053-39,-1
CT19-T2-053,CT19-T2-053-40,-1
CT19-T2-053,CT19-T2-053-41,-1
CT19-T2-053,CT19-T2-053-42,-1
CT19-T2-055,CT19-T2-055-01,0
CT19-T2-055,CT19-T2-055-02,0
CT19-T2-055,CT19-T2-055-03,-1
CT19-T2-055,CT19-T2-055-04,-1
CT19-T2-055,CT19-T2-055-05,0
CT19-T2-055,CT19-T2-055-06,-1
CT19-T2-055,CT19-T2-055-07,-1
CT19-T2-055,CT19-T2-055-08,1
CT19-T2-055,CT19-T2-055-09,-1
CT19-T2-055,CT19-T2-055-10,0
CT19-T2-055,CT19-T2-055-11,0
CT19-T2-055,CT19-T2-055-12,-1
CT19-T2-055,CT19-T2-055-13,-1
CT19-T2-055,CT19-T2-055-14,-1
CT19-T2-055,CT19-T2-055-15,-1
CT19-T2-055,CT19-T2-055-16,-1
CT19-T2-055,CT19-T2-055-17,-1
CT19-T2-055,CT19-T2-055-18,-1
CT19-T2-055,CT19-T2-055-19,-1
CT19-T2-055,CT19-T2-055-20,1
CT19-T2-055,CT19-T2-055-21,0
CT19-T2-055,CT19-T2-055-22,0
CT19-T2-055,CT19-T2-055-23,-1
CT19-T2-055,CT19-T2-055-25,-1
CT19-T2-055,CT19-T2-055-26,-1
CT19-T2-055,CT19-T2-055-27,-1
CT19-T2-055,CT19-T2-055-28,-1
CT19-T2-055,CT19-T2-055-29,-1
CT19-T2-055,CT19-T2-055-30,-1
CT19-T2-055,CT19-T2-055-31,-1
CT19-T2-055,CT19-T2-055-32,-1
CT19-T2-055,CT19-T2-055-33,-1
CT19-T2-055,CT19-T2-055-34,-1
CT19-T2-055,CT19-T2-055-35,-1
CT19-T2-055,CT19-T2-055-36,-1
CT19-T2-055,CT19-T2-055-37,-1
CT19-T2-055,CT19-T2-055-38,-1
CT19-T2-055,CT19-T2-055-39,-1
CT19-T2-055,CT19-T2-055-40,-1
CT19-T2-055,CT19-T2-055-41,-1
CT19-T2-055,CT19-T2-055-42,-1
CT19-T2-055,CT19-T2-055-43,-1
CT19-T2-055,CT19-T2-055-44,-1
CT19-T2-055,CT19-T2-055-45,-1
CT19-T2-055,CT19-T2-055-46,-1
CT19-T2-055,CT19-T2-055-47,-1
CT19-T2-055,CT19-T2-055-48,-1
CT19-T2-055,CT19-T2-055-49,-1
CT19-T2-055,CT19-T2-055-50,-1
CT19-T2-056,CT19-T2-056-01,1
CT19-T2-056,CT19-T2-056-02,0
CT19-T2-056,CT19-T2-056-03,1
CT19-T2-056,CT19-T2-056-04,0
CT19-T2-056,CT19-T2-056-05,0
CT19-T2-056,CT19-T2-056-06,0
CT19-T2-056,CT19-T2-056-07,-1
CT19-T2-056,CT19-T2-056-08,1
CT19-T2-056,CT19-T2-056-09,1
CT19-T2-056,CT19-T2-056-10,1
CT19-T2-056,CT19-T2-056-11,0
CT19-T2-056,CT19-T2-056-12,1
CT19-T2-056,CT19-T2-056-13,0
CT19-T2-056,CT19-T2-056-14,1
CT19-T2-056,CT19-T2-056-15,1
CT19-T2-056,CT19-T2-056-16,1
CT19-T2-056,CT19-T2-056-17,0
CT19-T2-056,CT19-T2-056-18,0
CT19-T2-056,CT19-T2-056-19,0
CT19-T2-056,CT19-T2-056-20,0
CT19-T2-056,CT19-T2-056-21,1
CT19-T2-056,CT19-T2-056-22,0
CT19-T2-056,CT19-T2-056-23,0
CT19-T2-056,CT19-T2-056-24,0
CT19-T2-056,CT19-T2-056-26,0
CT19-T2-056,CT19-T2-056-27,0
CT19-T2-056,CT19-T2-056-28,0
CT19-T2-056,CT19-T2-056-29,1
CT19-T2-056,CT19-T2-056-30,0
CT19-T2-056,CT19-T2-056-31,0
CT19-T2-056,CT19-T2-056-32,0
CT19-T2-056,CT19-T2-056-33,-1
CT19-T2-056,CT19-T2-056-34,0
CT19-T2-056,CT19-T2-056-35,1
CT19-T2-056,CT19-T2-056-36,0
CT19-T2-056,CT19-T2-056-37,0
CT19-T2-056,CT19-T2-056-38,1
CT19-T2-056,CT19-T2-056-39,0
CT19-T2-056,CT19-T2-056-40,1
CT19-T2-056,CT19-T2-056-41,1
CT19-T2-056,CT19-T2-056-42,-1
CT19-T2-056,CT19-T2-056-43,1
CT19-T2-056,CT19-T2-056-44,0
CT19-T2-056,CT19-T2-056-45,0
CT19-T2-056,CT19-T2-056-46,0
CT19-T2-056,CT19-T2-056-47,0
CT19-T2-056,CT19-T2-056-48,-1
CT19-T2-056,CT19-T2-056-49,0
CT19-T2-056,CT19-T2-056-50,-1
CT19-T2-057,CT19-T2-057-01,0
CT19-T2-057,CT19-T2-057-02,0
CT19-T2-057,CT19-T2-057-03,-1
CT19-T2-057,CT19-T2-057-04,0
CT19-T2-057,CT19-T2-057-05,0
CT19-T2-057,CT19-T2-057-06,1
CT19-T2-057,CT19-T2-057-07,1
CT19-T2-057,CT19-T2-057-09,1
CT19-T2-057,CT19-T2-057-10,1
CT19-T2-057,CT19-T2-057-11,0
CT19-T2-057,CT19-T2-057-12,1
CT19-T2-057,CT19-T2-057-13,0
CT19-T2-057,CT19-T2-057-14,-1
CT19-T2-057,CT19-T2-057-15,0
CT19-T2-057,CT19-T2-057-16,0
CT19-T2-057,CT19-T2-057-17,0
CT19-T2-057,CT19-T2-057-18,0
CT19-T2-057,CT19-T2-057-19,0
CT19-T2-057,CT19-T2-057-20,0
CT19-T2-057,CT19-T2-057-21,0
CT19-T2-057,CT19-T2-057-22,-1
CT19-T2-057,CT19-T2-057-23,0
CT19-T2-057,CT19-T2-057-24,0
CT19-T2-057,CT19-T2-057-25,-1
CT19-T2-057,CT19-T2-057-26,0
CT19-T2-057,CT19-T2-057-27,-1
CT19-T2-057,CT19-T2-057-28,-1
CT19-T2-057,CT19-T2-057-29,-1
CT19-T2-057,CT19-T2-057-30,-1
CT19-T2-057,CT19-T2-057-31,-1
CT19-T2-057,CT19-T2-057-32,-1
CT19-T2-057,CT19-T2-057-33,-1
CT19-T2-057,CT19-T2-057-34,-1
CT19-T2-057,CT19-T2-057-35,-1
CT19-T2-057,CT19-T2-057-36,-1
CT19-T2-057,CT19-T2-057-37,-1
CT19-T2-057,CT19-T2-057-38,-1
CT19-T2-058,CT19-T2-058-01,1
CT19-T2-058,CT19-T2-058-02,1
CT19-T2-058,CT19-T2-058-03,1
CT19-T2-058,CT19-T2-058-04,1
CT19-T2-058,CT19-T2-058-05,1
CT19-T2-058,CT19-T2-058-06,1
CT19-T2-058,CT19-T2-058-07,0
CT19-T2-058,CT19-T2-058-08,1
CT19-T2-058,CT19-T2-058-09,1
CT19-T2-058,CT19-T2-058-10,1
CT19-T2-058,CT19-T2-058-11,1
CT19-T2-058,CT19-T2-058-12,1
CT19-T2-058,CT19-T2-058-13,1
CT19-T2-058,CT19-T2-058-14,1
CT19-T2-058,CT19-T2-058-15,1
CT19-T2-058,CT19-T2-058-16,1
CT19-T2-058,CT19-T2-058-17,0
CT19-T2-058,CT19-T2-058-18,1
CT19-T2-058,CT19-T2-058-19,1
CT19-T2-058,CT19-T2-058-20,1
CT19-T2-058,CT19-T2-058-21,1
CT19-T2-058,CT19-T2-058-22,1
CT19-T2-058,CT19-T2-058-23,-1
CT19-T2-058,CT19-T2-058-24,0
CT19-T2-058,CT19-T2-058-25,1
CT19-T2-058,CT19-T2-058-26,1
CT19-T2-058,CT19-T2-058-27,0
CT19-T2-058,CT19-T2-058-28,-1
CT19-T2-058,CT19-T2-058-29,1
CT19-T2-058,CT19-T2-058-30,1
CT19-T2-058,CT19-T2-058-31,1
CT19-T2-058,CT19-T2-058-32,-1
CT19-T2-058,CT19-T2-058-33,0
CT19-T2-058,CT19-T2-058-34,-1
CT19-T2-058,CT19-T2-058-35,0
CT19-T2-060,CT19-T2-060-01,0
CT19-T2-060,CT19-T2-060-02,0
CT19-T2-060,CT19-T2-060-03,1
CT19-T2-060,CT19-T2-060-04,1
CT19-T2-060,CT19-T2-060-05,1
CT19-T2-060,CT19-T2-060-06,0
CT19-T2-060,CT19-T2-060-07,1
CT19-T2-060,CT19-T2-060-08,1
CT19-T2-060,CT19-T2-060-09,0
CT19-T2-060,CT19-T2-060-10,-1
CT19-T2-060,CT19-T2-060-11,1
CT19-T2-060,CT19-T2-060-12,1
CT19-T2-060,CT19-T2-060-13,1
CT19-T2-060,CT19-T2-060-14,1
CT19-T2-060,CT19-T2-060-15,1
CT19-T2-060,CT19-T2-060-16,0
CT19-T2-060,CT19-T2-060-17,0
CT19-T2-060,CT19-T2-060-18,1
CT19-T2-060,CT19-T2-060-19,1
CT19-T2-060,CT19-T2-060-20,1
CT19-T2-060,CT19-T2-060-21,-1
CT19-T2-060,CT19-T2-060-22,1
CT19-T2-060,CT19-T2-060-23,0
CT19-T2-060,CT19-T2-060-24,-1
CT19-T2-060,CT19-T2-060-25,1
CT19-T2-060,CT19-T2-060-26,-1
CT19-T2-060,CT19-T2-060-27,-1
CT19-T2-060,CT19-T2-060-28,-1
CT19-T2-060,CT19-T2-060-29,-1
CT19-T2-060,CT19-T2-060-30,-1
CT19-T2-060,CT19-T2-060-31,-1
CT19-T2-060,CT19-T2-060-32,-1
CT19-T2-060,CT19-T2-060-33,-1
CT19-T2-060,CT19-T2-060-34,-1
CT19-T2-060,CT19-T2-060-35,-1
CT19-T2-060,CT19-T2-060-36,-1
CT19-T2-060,CT19-T2-060-37,-1
CT19-T2-064,CT19-T2-064-01,0
CT19-T2-064,CT19-T2-064-02,0
CT19-T2-064,CT19-T2-064-03,0
CT19-T2-064,CT19-T2-064-04,0
CT19-T2-064,CT19-T2-064-05,0
CT19-T2-064,CT19-T2-064-06,0
CT19-T2-064,CT19-T2-064-07,-1
CT19-T2-064,CT19-T2-064-08,-1
CT19-T2-064,CT19-T2-064-10,0
CT19-T2-064,CT19-T2-064-11,-1
CT19-T2-064,CT19-T2-064-12,-1
CT19-T2-064,CT19-T2-064-13,0
CT19-T2-064,CT19-T2-064-14,-1
CT19-T2-064,CT19-T2-064-15,-1
CT19-T2-064,CT19-T2-064-18,-1
CT19-T2-064,CT19-T2-064-20,0
CT19-T2-064,CT19-T2-064-22,-1
CT19-T2-064,CT19-T2-064-23,-1
CT19-T2-064,CT19-T2-064-24,1
CT19-T2-064,CT19-T2-064-25,-1
CT19-T2-064,CT19-T2-064-27,-1
CT19-T2-064,CT19-T2-064-28,-1
CT19-T2-064,CT19-T2-064-29,-1
CT19-T2-064,CT19-T2-064-30,-1
CT19-T2-064,CT19-T2-064-31,-1
CT19-T2-064,CT19-T2-064-32,-1
CT19-T2-064,CT19-T2-064-33,-1
CT19-T2-064,CT19-T2-064-34,-1
CT19-T2-064,CT19-T2-064-36,-1
CT19-T2-064,CT19-T2-064-37,0
CT19-T2-064,CT19-T2-064-39,-1
CT19-T2-064,CT19-T2-064-40,-1
CT19-T2-064,CT19-T2-064-41,-1
CT19-T2-064,CT19-T2-064-42,-1
CT19-T2-064,CT19-T2-064-43,-1
CT19-T2-064,CT19-T2-064-44,0
CT19-T2-064,CT19-T2-064-46,-1
CT19-T2-064,CT19-T2-064-47,0
CT19-T2-064,CT19-T2-064-49,-1
CT19-T2-064,CT19-T2-064-50,1
CT19-T2-064,CT19-T2-064-51,-1
CT19-T2-064,CT19-T2-064-52,-1
CT19-T2-064,CT19-T2-064-53,-1
CT19-T2-064,CT19-T2-064-54,-1
CT19-T2-064,CT19-T2-064-55,-1
CT19-T2-064,CT19-T2-064-56,-1
CT19-T2-066,CT19-T2-066-01,1
CT19-T2-066,CT19-T2-066-02,1
CT19-T2-066,CT19-T2-066-03,-1
CT19-T2-066,CT19-T2-066-04,1
CT19-T2-066,CT19-T2-066-05,1
CT19-T2-066,CT19-T2-066-06,0
CT19-T2-066,CT19-T2-066-07,1
CT19-T2-066,CT19-T2-066-08,0
CT19-T2-066,CT19-T2-066-09,0
CT19-T2-066,CT19-T2-066-10,0
CT19-T2-066,CT19-T2-066-11,1
CT19-T2-066,CT19-T2-066-12,1
CT19-T2-066,CT19-T2-066-13,1
CT19-T2-066,CT19-T2-066-14,1
CT19-T2-066,CT19-T2-066-15,-1
CT19-T2-066,CT19-T2-066-16,1
CT19-T2-066,CT19-T2-066-17,1
CT19-T2-066,CT19-T2-066-18,0
CT19-T2-066,CT19-T2-066-19,-1
CT19-T2-066,CT19-T2-066-20,1
CT19-T2-066,CT19-T2-066-21,-1
CT19-T2-066,CT19-T2-066-22,1
CT19-T2-066,CT19-T2-066-23,-1
CT19-T2-066,CT19-T2-066-24,1
CT19-T2-066,CT19-T2-066-25,0
CT19-T2-066,CT19-T2-066-26,1
CT19-T2-066,CT19-T2-066-27,1
CT19-T2-066,CT19-T2-066-28,1
CT19-T2-066,CT19-T2-066-29,0
CT19-T2-066,CT19-T2-066-30,-1
CT19-T2-066,CT19-T2-066-31,0
CT19-T2-066,CT19-T2-066-32,1
CT19-T2-066,CT19-T2-066-33,0
CT19-T2-066,CT19-T2-066-34,-1
CT19-T2-066,CT19-T2-066-35,1
CT19-T2-066,CT19-T2-066-36,-1
CT19-T2-066,CT19-T2-066-37,1
CT19-T2-066,CT19-T2-066-38,0
CT19-T2-066,CT19-T2-066-39,-1
CT19-T2-066,CT19-T2-066-40,-1
CT19-T2-066,CT19-T2-066-41,-1
CT19-T2-066,CT19-T2-066-42,-1
CT19-T2-066,CT19-T2-066-43,-1
CT19-T2-066,CT19-T2-066-44,-1
CT19-T2-066,CT19-T2-066-45,-1
CT19-T2-066,CT19-T2-066-46,-1
CT19-T2-066,CT19-T2-066-47,-1
CT19-T2-066,CT19-T2-066-48,-1
CT19-T2-066,CT19-T2-066-49,-1
CT19-T2-066,CT19-T2-066-50,-1
CT19-T2-067,CT19-T2-067-01,-1
CT19-T2-067,CT19-T2-067-02,1
CT19-T2-067,CT19-T2-067-03,0
CT19-T2-067,CT19-T2-067-04,-1
CT19-T2-067,CT19-T2-067-05,0
CT19-T2-067,CT19-T2-067-06,1
CT19-T2-067,CT19-T2-067-07,0
CT19-T2-067,CT19-T2-067-08,1
CT19-T2-067,CT19-T2-067-09,0
CT19-T2-067,CT19-T2-067-10,1
CT19-T2-067,CT19-T2-067-11,1
CT19-T2-067,CT19-T2-067-12,1
CT19-T2-067,CT19-T2-067-13,-1
CT19-T2-067,CT19-T2-067-14,1
CT19-T2-067,CT19-T2-067-15,0
CT19-T2-067,CT19-T2-067-16,0
CT19-T2-067,CT19-T2-067-17,-1
CT19-T2-067,CT19-T2-067-18,0
CT19-T2-067,CT19-T2-067-19,1
CT19-T2-067,CT19-T2-067-20,1
CT19-T2-067,CT19-T2-067-21,1
CT19-T2-067,CT19-T2-067-22,1
CT19-T2-067,CT19-T2-067-23,-1
CT19-T2-067,CT19-T2-067-24,-1
CT19-T2-067,CT19-T2-067-25,-1
CT19-T2-067,CT19-T2-067-26,1
CT19-T2-067,CT19-T2-067-28,1
CT19-T2-067,CT19-T2-067-29,-1
CT19-T2-067,CT19-T2-067-30,1
CT19-T2-067,CT19-T2-067-31,-1
CT19-T2-067,CT19-T2-067-32,0
CT19-T2-067,CT19-T2-067-33,0
CT19-T2-067,CT19-T2-067-34,0
CT19-T2-067,CT19-T2-067-35,1
CT19-T2-067,CT19-T2-067-36,1
CT19-T2-067,CT19-T2-067-37,0
CT19-T2-067,CT19-T2-067-38,1
CT19-T2-067,CT19-T2-067-39,0
CT19-T2-067,CT19-T2-067-41,0
CT19-T2-067,CT19-T2-067-42,0
CT19-T2-067,CT19-T2-067-43,1
CT19-T2-067,CT19-T2-067-44,0
CT19-T2-067,CT19-T2-067-45,1
CT19-T2-067,CT19-T2-067-46,0
CT19-T2-067,CT19-T2-067-47,0
CT19-T2-067,CT19-T2-067-48,0
CT19-T2-067,CT19-T2-067-49,0
CT19-T2-067,CT19-T2-067-50,-1
CT19-T2-068,CT19-T2-068-01,0
CT19-T2-068,CT19-T2-068-02,1
CT19-T2-068,CT19-T2-068-03,1
CT19-T2-068,CT19-T2-068-04,-1
CT19-T2-068,CT19-T2-068-05,0
CT19-T2-068,CT19-T2-068-06,1
CT19-T2-068,CT19-T2-068-07,0
CT19-T2-068,CT19-T2-068-08,-1
CT19-T2-068,CT19-T2-068-09,-1
CT19-T2-068,CT19-T2-068-10,0
CT19-T2-068,CT19-T2-068-11,-1
CT19-T2-068,CT19-T2-068-12,0
CT19-T2-068,CT19-T2-068-13,-1
CT19-T2-068,CT19-T2-068-14,-1
CT19-T2-068,CT19-T2-068-15,-1
CT19-T2-068,CT19-T2-068-16,-1
CT19-T2-068,CT19-T2-068-17,-1
CT19-T2-068,CT19-T2-068-18,-1
CT19-T2-068,CT19-T2-068-19,-1
CT19-T2-068,CT19-T2-068-20,-1
CT19-T2-068,CT19-T2-068-21,-1
CT19-T2-068,CT19-T2-068-22,-1
CT19-T2-068,CT19-T2-068-23,-1
CT19-T2-068,CT19-T2-068-24,-1
CT19-T2-068,CT19-T2-068-25,-1
CT19-T2-068,CT19-T2-068-26,-1
CT19-T2-068,CT19-T2-068-27,-1
CT19-T2-068,CT19-T2-068-28,-1
CT19-T2-068,CT19-T2-068-29,-1
CT19-T2-068,CT19-T2-068-30,-1
CT19-T2-068,CT19-T2-068-31,-1
CT19-T2-068,CT19-T2-068-32,-1
CT19-T2-068,CT19-T2-068-33,-1
CT19-T2-068,CT19-T2-068-34,-1
CT19-T2-068,CT19-T2-068-35,-1
CT19-T2-068,CT19-T2-068-37,-1
CT19-T2-068,CT19-T2-068-38,-1
CT19-T2-068,CT19-T2-068-39,-1
CT19-T2-068,CT19-T2-068-40,-1
CT19-T2-068,CT19-T2-068-41,-1
CT19-T2-068,CT19-T2-068-42,-1
CT19-T2-068,CT19-T2-068-43,-1
CT19-T2-068,CT19-T2-068-44,-1
CT19-T2-068,CT19-T2-068-45,-1
CT19-T2-068,CT19-T2-068-46,-1
CT19-T2-068,CT19-T2-068-47,-1
CT19-T2-068,CT19-T2-068-48,-1
CT19-T2-068,CT19-T2-068-49,-1
CT19-T2-068,CT19-T2-068-50,-1
CT19-T2-072,CT19-T2-072-02,0
CT19-T2-072,CT19-T2-072-03,0
CT19-T2-072,CT19-T2-072-04,-1
CT19-T2-072,CT19-T2-072-05,-1
CT19-T2-072,CT19-T2-072-06,-1
CT19-T2-072,CT19-T2-072-07,-1
CT19-T2-072,CT19-T2-072-08,-1
CT19-T2-072,CT19-T2-072-09,-1
CT19-T2-072,CT19-T2-072-10,-1
CT19-T2-072,CT19-T2-072-11,-1
CT19-T2-072,CT19-T2-072-12,-1
CT19-T2-072,CT19-T2-072-13,-1
CT19-T2-072,CT19-T2-072-14,-1
CT19-T2-072,CT19-T2-072-16,-1
CT19-T2-072,CT19-T2-072-17,-1
CT19-T2-072,CT19-T2-072-18,-1
CT19-T2-072,CT19-T2-072-19,-1
CT19-T2-072,CT19-T2-072-20,0
CT19-T2-072,CT19-T2-072-22,0
CT19-T2-072,CT19-T2-072-23,-1
CT19-T2-076,CT19-T2-076-01,1
CT19-T2-076,CT19-T2-076-02,1
CT19-T2-076,CT19-T2-076-03,1
CT19-T2-076,CT19-T2-076-04,1
CT19-T2-076,CT19-T2-076-05,1
CT19-T2-076,CT19-T2-076-06,1
CT19-T2-076,CT19-T2-076-07,-1
CT19-T2-076,CT19-T2-076-08,-1
CT19-T2-076,CT19-T2-076-09,1
CT19-T2-076,CT19-T2-076-11,-1
CT19-T2-076,CT19-T2-076-12,-1
CT19-T2-076,CT19-T2-076-14,-1
CT19-T2-076,CT19-T2-076-15,-1
CT19-T2-076,CT19-T2-076-16,-1
CT19-T2-076,CT19-T2-076-17,-1
CT19-T2-076,CT19-T2-076-18,-1
CT19-T2-076,CT19-T2-076-19,-1
CT19-T2-076,CT19-T2-076-20,-1
CT19-T2-076,CT19-T2-076-21,-1
CT19-T2-076,CT19-T2-076-22,-1
CT19-T2-076,CT19-T2-076-24,-1
CT19-T2-076,CT19-T2-076-25,-1
CT19-T2-076,CT19-T2-076-26,-1
CT19-T2-076,CT19-T2-076-27,-1
CT19-T2-076,CT19-T2-076-28,-1
CT19-T2-076,CT19-T2-076-29,-1
CT19-T2-076,CT19-T2-076-30,-1
CT19-T2-076,CT19-T2-076-31,-1
CT19-T2-076,CT19-T2-076-32,-1
CT19-T2-076,CT19-T2-076-33,-1
CT19-T2-076,CT19-T2-076-34,-1
CT19-T2-076,CT19-T2-076-35,-1
CT19-T2-076,CT19-T2-076-36,-1
CT19-T2-076,CT19-T2-076-38,-1
CT19-T2-076,CT19-T2-076-39,-1
CT19-T2-076,CT19-T2-076-40,-1
CT19-T2-076,CT19-T2-076-41,-1
CT19-T2-076,CT19-T2-076-42,-1
CT19-T2-076,CT19-T2-076-43,-1
CT19-T2-076,CT19-T2-076-44,-1
CT19-T2-076,CT19-T2-076-45,-1
CT19-T2-076,CT19-T2-076-46,-1
CT19-T2-076,CT19-T2-076-47,-1
CT19-T2-076,CT19-T2-076-48,-1
CT19-T2-076,CT19-T2-076-49,-1
CT19-T2-076,CT19-T2-076-50,-1
CT19-T2-076,CT19-T2-076-51,-1
CT19-T2-079,CT19-T2-079-01,0
CT19-T2-079,CT19-T2-079-02,1
CT19-T2-079,CT19-T2-079-03,1
CT19-T2-079,CT19-T2-079-04,0
CT19-T2-079,CT19-T2-079-05,0
CT19-T2-079,CT19-T2-079-06,0
CT19-T2-079,CT19-T2-079-07,0
CT19-T2-079,CT19-T2-079-08,0
CT19-T2-079,CT19-T2-079-09,0
CT19-T2-079,CT19-T2-079-10,0
CT19-T2-079,CT19-T2-079-11,0
CT19-T2-079,CT19-T2-079-12,0
CT19-T2-079,CT19-T2-079-13,0
CT19-T2-079,CT19-T2-079-14,1
CT19-T2-079,CT19-T2-079-15,1
CT19-T2-079,CT19-T2-079-16,0
CT19-T2-079,CT19-T2-079-17,0
CT19-T2-079,CT19-T2-079-18,0
CT19-T2-079,CT19-T2-079-19,0
CT19-T2-079,CT19-T2-079-20,1
CT19-T2-079,CT19-T2-079-21,0
CT19-T2-079,CT19-T2-079-22,0
CT19-T2-079,CT19-T2-079-23,-1
CT19-T2-079,CT19-T2-079-24,-1
CT19-T2-079,CT19-T2-079-25,-1
CT19-T2-079,CT19-T2-079-26,-1
CT19-T2-079,CT19-T2-079-27,0
CT19-T2-079,CT19-T2-079-28,0
CT19-T2-079,CT19-T2-079-29,0
CT19-T2-079,CT19-T2-079-30,0
CT19-T2-079,CT19-T2-079-31,-1
CT19-T2-079,CT19-T2-079-32,-1
CT19-T2-079,CT19-T2-079-33,0
CT19-T2-079,CT19-T2-079-34,-1
CT19-T2-079,CT19-T2-079-35,0
CT19-T2-079,CT19-T2-079-36,-1
CT19-T2-079,CT19-T2-079-37,0
CT19-T2-079,CT19-T2-079-38,-1
CT19-T2-079,CT19-T2-079-39,-1
CT19-T2-079,CT19-T2-079-40,0
CT19-T2-079,CT19-T2-079-41,-1
CT19-T2-079,CT19-T2-079-42,-1
CT19-T2-079,CT19-T2-079-43,-1
CT19-T2-079,CT19-T2-079-44,-1
CT19-T2-079,CT19-T2-079-45,-1
CT19-T2-079,CT19-T2-079-46,-1
CT19-T2-079,CT19-T2-079-47,0
CT19-T2-079,CT19-T2-079-48,-1
CT19-T2-079,CT19-T2-079-49,-1
CT19-T2-079,CT19-T2-079-50,-1
CT19-T2-080,CT19-T2-080-01,1
CT19-T2-080,CT19-T2-080-02,0
CT19-T2-080,CT19-T2-080-03,1
CT19-T2-080,CT19-T2-080-04,-1
CT19-T2-080,CT19-T2-080-05,1
CT19-T2-080,CT19-T2-080-06,1
CT19-T2-080,CT19-T2-080-07,1
CT19-T2-080,CT19-T2-080-08,-1
CT19-T2-080,CT19-T2-080-09,1
CT19-T2-080,CT19-T2-080-10,1
CT19-T2-080,CT19-T2-080-11,-1
CT19-T2-080,CT19-T2-080-12,0
CT19-T2-080,CT19-T2-080-13,-1
CT19-T2-080,CT19-T2-080-14,-1
CT19-T2-080,CT19-T2-080-15,0
CT19-T2-080,CT19-T2-080-16,1
CT19-T2-080,CT19-T2-080-17,-1
CT19-T2-080,CT19-T2-080-18,1
CT19-T2-080,CT19-T2-080-19,-1
CT19-T2-080,CT19-T2-080-21,-1
CT19-T2-080,CT19-T2-080-22,-1
CT19-T2-080,CT19-T2-080-23,-1
CT19-T2-080,CT19-T2-080-24,-1
CT19-T2-080,CT19-T2-080-26,-1
CT19-T2-080,CT19-T2-080-27,-1
CT19-T2-080,CT19-T2-080-29,-1
CT19-T2-080,CT19-T2-080-30,-1
CT19-T2-080,CT19-T2-080-31,-1
CT19-T2-080,CT19-T2-080-32,-1
CT19-T2-080,CT19-T2-080-33,-1
CT19-T2-080,CT19-T2-080-34,-1
CT19-T2-080,CT19-T2-080-35,-1
CT19-T2-080,CT19-T2-080-36,-1
CT19-T2-080,CT19-T2-080-37,-1
CT19-T2-080,CT19-T2-080-38,-1
CT19-T2-080,CT19-T2-080-39,-1
CT19-T2-080,CT19-T2-080-40,1
CT19-T2-080,CT19-T2-080-41,-1
CT19-T2-080,CT19-T2-080-42,-1
CT19-T2-080,CT19-T2-080-43,-1
CT19-T2-080,CT19-T2-080-44,-1
CT19-T2-080,CT19-T2-080-45,-1
CT19-T2-081,CT19-T2-081-01,1
CT19-T2-081,CT19-T2-081-02,0
CT19-T2-081,CT19-T2-081-03,0
CT19-T2-081,CT19-T2-081-05,0
CT19-T2-081,CT19-T2-081-06,0
CT19-T2-081,CT19-T2-081-07,0
CT19-T2-081,CT19-T2-081-08,-1
CT19-T2-081,CT19-T2-081-09,-1
CT19-T2-081,CT19-T2-081-10,-1
CT19-T2-081,CT19-T2-081-11,0
CT19-T2-081,CT19-T2-081-12,-1
CT19-T2-081,CT19-T2-081-13,-1
CT19-T2-081,CT19-T2-081-14,-1
CT19-T2-081,CT19-T2-081-15,-1
CT19-T2-081,CT19-T2-081-16,-1
CT19-T2-081,CT19-T2-081-17,-1
CT19-T2-081,CT19-T2-081-18,-1
CT19-T2-081,CT19-T2-081-19,-1
CT19-T2-081,CT19-T2-081-20,-1
CT19-T2-081,CT19-T2-081-21,-1
CT19-T2-081,CT19-T2-081-22,-1
CT19-T2-081,CT19-T2-081-23,-1
CT19-T2-081,CT19-T2-081-24,-1
CT19-T2-081,CT19-T2-081-25,-1
CT19-T2-081,CT19-T2-081-26,-1
CT19-T2-081,CT19-T2-081-27,0
CT19-T2-081,CT19-T2-081-28,-1
CT19-T2-081,CT19-T2-081-29,-1
CT19-T2-081,CT19-T2-081-30,-1
CT19-T2-081,CT19-T2-081-31,0
CT19-T2-081,CT19-T2-081-32,-1
CT19-T2-081,CT19-T2-081-33,-1
CT19-T2-081,CT19-T2-081-34,-1
CT19-T2-081,CT19-T2-081-35,-1
CT19-T2-081,CT19-T2-081-36,-1
CT19-T2-081,CT19-T2-081-37,-1
CT19-T2-081,CT19-T2-081-38,-1
CT19-T2-081,CT19-T2-081-39,-1
CT19-T2-081,CT19-T2-081-40,-1
CT19-T2-081,CT19-T2-081-41,-1
CT19-T2-081,CT19-T2-081-42,-1
CT19-T2-081,CT19-T2-081-43,-1
CT19-T2-081,CT19-T2-081-44,-1
CT19-T2-081,CT19-T2-081-45,-1
CT19-T2-081,CT19-T2-081-46,-1
CT19-T2-081,CT19-T2-081-47,-1
CT19-T2-081,CT19-T2-081-48,-1
CT19-T2-081,CT19-T2-081-49,-1
CT19-T2-081,CT19-T2-081-50,-1